,Movie,Distributor,Screen,Sales,Audience,Genre,Rate,Year,Month,Season
0,명량,씨제이이앤엠(주),1587,135748.39891,17613.682,사극,15세이상관람가,2014,7,3
1,극한직업,씨제이이앤엠(주),1978,139647.97951600002,16264.944,코미디,15세이상관람가,2019,1,1
2,신과함께-죄와 벌,롯데쇼핑㈜롯데엔터테인먼트,1912,115698.65413699999,14410.754,판타지,12세이상관람가,2017,12,1
3,국제시장,씨제이이앤엠(주),966,110828.01462999999,14245.998,드라마,12세이상관람가,2014,12,1
4,베테랑,씨제이이앤엠(주),1064,105024.75625,13395.4,액션,15세이상관람가,2015,8,3
5,도둑들,(주)쇼박스,1072,93665.5685,12983.33,액션,15세이상관람가,2012,7,3
6,7번방의 선물,(주)넥스트엔터테인먼트월드(NEW),787,91431.91467,12811.206,코미디,15세이상관람가,2013,1,1
7,암살,(주)쇼박스,1519,98463.132781,12705.7,액션,15세이상관람가,2015,7,3
8,"광해, 왕이 된 남자",씨제이이앤엠(주),810,88900.208769,12319.542,사극,15세이상관람가,2012,9,4
9,신과함께-인과 연,롯데컬처웍스(주)롯데엔터테인먼트,2235,102476.768809,12253.247,판타지,12세이상관람가,2018,8,3
10,택시운전사,(주)쇼박스,1906,95284.747049,12099.971,드라마,15세이상관람가,2017,8,3
11,부산행,(주)넥스트엔터테인먼트월드(NEW),1788,93175.877048,11565.078,액션,15세이상관람가,2016,7,3
12,해운대,씨제이엔터테인먼트,753,81934.638201,11453.338,액션,12세이상관람가,2009,7,3
13,변호인,(주)넥스트엔터테인먼트월드(NEW),923,82856.5783,11372.451,드라마,15세이상관람가,2013,12,1
14,기생충,씨제이이앤엠(주),1948,85883.96364500001,10085.275,드라마,15세이상관람가,2019,5,2
15,검사외전,(주)쇼박스,1812,77252.75526399999,9699.092,범죄,15세이상관람가,2016,2,1
16,엑시트,씨제이이앤엠(주),1660,79232.012162,9426.011,코미디,12세이상관람가,2019,7,3
17,관상,(주)쇼박스,1190,66005.4515,9134.586,사극,15세이상관람가,2013,9,4
18,설국열차,씨제이이앤엠(주),1128,64016.48,8914.845,SF,15세이상관람가,2013,8,3
19,수상한 그녀,씨제이이앤엠(주),692,62696.639249,8656.397,드라마,15세이상관람가,2014,1,1
20,해적: 바다로 간 산적,롯데쇼핑㈜롯데엔터테인먼트,838,66240.631706,8646.758,어드벤처,12세이상관람가,2014,8,3
21,국가대표,(주)쇼박스,580,60896.633308000004,8487.894,드라마,12세이상관람가,2009,7,3
22,과속스캔들,롯데쇼핑㈜롯데엔터테인먼트,405,53940.101534,8245.523,코미디,12세이상관람가,2008,12,1
23,히말라야,씨제이이앤엠(주),1009,60173.583015,7759.473,드라마,12세이상관람가,2015,12,1
24,밀정,워너브러더스 코리아(주),1444,61158.644831,7487.545,액션,15세이상관람가,2016,9,4
25,최종병기 활,롯데쇼핑㈜롯데엔터테인먼트,615,55808.8565,7466.976,사극,15세이상관람가,2011,8,3
26,써니,씨제이이앤엠(주),472,53773.1706,7328.82,드라마,15세이상관람가,2011,5,2
27,1987,씨제이이앤엠(주),1299,58165.581145000004,7231.638,드라마,15세이상관람가,2017,12,1
28,베를린,씨제이이앤엠(주),894,52354.931637,7166.199,액션,15세이상관람가,2013,1,1
29,터널,(주)쇼박스,1105,57510.324416999996,7118.592,드라마,12세이상관람가,2016,8,3
30,내부자들,(주)쇼박스,1075,56596.58205700001,7071.763,범죄,청소년관람불가,2015,11,4
31,인천상륙작전,씨제이이앤엠(주),1049,55101.410303,7049.643,전쟁,12세이상관람가,2016,7,3
32,럭키,(주)쇼박스,1158,56361.435256,6965.706,코미디,15세이상관람가,2016,10,4
33,은밀하게 위대하게,(주)쇼박스,1341,48663.939413,6953.8,액션,15세이상관람가,2013,6,3
34,곡성,이십세기폭스코리아(주),1485,55853.108382000006,6878.264,미스터리,15세이상관람가,2016,5,2
35,범죄도시,"메가박스중앙(주)플러스엠,(주)키위미디어그룹",1315,56077.813249,6851.297,범죄,청소년관람불가,2017,10,4
36,"좋은 놈, 나쁜 놈, 이상한 놈",씨제이엔터테인먼트,825,43768.628939,6686.912,서부극(웨스턴),15세이상관람가,2008,7,3
37,늑대소년,씨제이이앤엠(주),706,46593.1075,6654.837,멜로/로맨스,15세이상관람가,2012,10,4
38,군함도,씨제이이앤엠(주),2027,50510.565168,6592.151,액션,15세이상관람가,2017,7,3
39,백두산,"씨제이이앤엠(주),(주)덱스터스튜디오",1971,52905.789769999996,6290.502,어드벤처,12세이상관람가,2019,12,1
40,아저씨,씨제이엔터테인먼트,478,47870.792359,6282.774,액션,청소년관람불가,2010,8,3
41,사도,(주)쇼박스,1210,48842.902501,6246.849,사극,12세이상관람가,2015,9,4
42,전우치,씨제이엔터테인먼트,606,44605.437017000004,6136.928,액션,12세이상관람가,2009,12,1
43,연평해전,(주)넥스트엔터테인먼트월드(NEW),1013,45560.62033,6043.458,드라마,12세이상관람가,2015,6,3
44,청년경찰,롯데쇼핑㈜롯데엔터테인먼트,1102,44241.099316,5636.259,액션,15세이상관람가,2017,8,3
45,숨바꼭질,(주)넥스트엔터테인먼트월드(NEW),779,39593.0385,5602.543,스릴러,15세이상관람가,2013,8,3
46,덕혜옹주,롯데쇼핑㈜롯데엔터테인먼트,964,44344.141109,5593.551,사극,12세이상관람가,2016,8,3
47,더 테러 라이브,롯데쇼핑㈜롯데엔터테인먼트,743,39866.712881,5583.596,범죄,15세이상관람가,2013,7,3
48,의형제,(주)쇼박스,572,40800.867602,5507.106,드라마,15세이상관람가,2010,2,1
49,감시자들,(주)넥스트엔터테인먼트월드(NEW),949,39298.005179,5496.547,범죄,15세이상관람가,2013,7,3
50,검은 사제들,씨제이이앤엠(주),1088,42395.347092,5440.945,미스터리,15세이상관람가,2015,11,4
51,안시성,(주)넥스트엔터테인먼트월드(NEW),1540,46335.334026,5440.186,사극,12세이상관람가,2018,9,4
52,완득이,씨제이이앤엠(주),500,38530.5035,5310.51,드라마,12세이상관람가,2011,10,4
53,완벽한 타인,롯데컬처웍스(주)롯데엔터테인먼트,1313,44356.752474,5294.119,드라마,15세이상관람가,2018,10,4
54,타워,씨제이이앤엠(주),617,37654.858,5181.014,드라마,12세이상관람가,2012,12,1
55,추격자,(주)쇼박스,435,33943.2785,5071.619,범죄,청소년관람불가,2008,2,1
56,독전,(주)넥스트엔터테인먼트월드(NEW),1357,43484.892912999996,5063.62,범죄,15세이상관람가,2018,5,2
57,공작,씨제이이앤엠(주),1317,42759.410176,4971.261,드라마,12세이상관람가,2018,8,3
58,마스터,씨제이이앤엠(주),1501,39811.539665,4940.091,액션,15세이상관람가,2016,12,1
59,바람과 함께 사라지다,(주)넥스트엔터테인먼트월드(NEW),694,34524.377161000004,4897.551,코미디,12세이상관람가,2012,8,3
60,조선명탐정 : 각시투구꽃의 비밀,(주)쇼박스,611,35841.7695,4786.259,코미디,12세이상관람가,2011,1,1
61,봉오동 전투,(주)쇼박스,1476,40514.276538,4779.501,사극,15세이상관람가,2019,8,3
62,군도: 민란의 시대,(주)쇼박스,1394,36987.755999,4774.895,사극,15세이상관람가,2014,7,3
63,범죄와의 전쟁: 나쁜놈들 전성시대,(주)쇼박스,699,36479.1475,4710.454,범죄,청소년관람불가,2012,2,1
64,신세계,(주)넥스트엔터테인먼트월드(NEW),671,34881.330905,4682.492,범죄,청소년관람불가,2013,2,1
65,도가니,씨제이이앤엠(주),644,35566.8548,4662.822,드라마,청소년관람불가,2011,9,4
66,내 아내의 모든 것,(주)넥스트엔터테인먼트월드(NEW),563,34222.1605,4598.583,코미디,15세이상관람가,2012,5,2
67,나쁜 녀석들: 더 무비,씨제이이앤엠(주),1511,39560.195124,4573.902,범죄,15세이상관람가,2019,9,4
68,연가시,씨제이이앤엠(주),759,32154.766664,4513.026,공포(호러),15세이상관람가,2012,7,3
69,강철비,(주)넥스트엔터테인먼트월드(NEW),1426,35477.912466,4451.336,액션,15세이상관람가,2017,12,1
70,판도라,(주)넥스트엔터테인먼트월드(NEW),1166,33861.718164,4302.032,드라마,12세이상관람가,2016,12,1
71,강철중: 공공의 적 1-1,"씨제이엔터테인먼트,(주)시네마서비스",659,28465.757767000003,4300.67,드라마,15세이상관람가,2008,6,3
72,아가씨,씨제이이앤엠(주),1171,35114.332791,4277.071,스릴러,청소년관람불가,2016,6,3
73,용의자,(주)쇼박스,807,30037.161,4131.248,액션,15세이상관람가,2013,12,1
74,건축학개론,롯데쇼핑㈜롯데엔터테인먼트,593,30219.8005,4110.645,멜로/로맨스,12세이상관람가,2012,3,2
75,7급 공무원,롯데쇼핑㈜롯데엔터테인먼트,475,26701.311856,4088.799,코미디,12세이상관람가,2009,4,2
76,댄싱퀸,씨제이이앤엠(주),534,30129.2595,4057.546,코미디,12세이상관람가,2012,1,1
77,우리 생애 최고의 순간,(주)싸이더스,418,26151.780425,4044.582,드라마,전체관람가,2008,1,1
78,꾼,(주)쇼박스,1314,31313.568795,4018.341,범죄,15세이상관람가,2017,11,4
79,타짜-신의 손,"롯데쇼핑㈜롯데엔터테인먼트,(주)싸이더스",890,32267.244827,4001.813,드라마,청소년관람불가,2014,9,4
80,박수건달,(주)쇼박스,599,28343.986569,3893.216,코미디,15세이상관람가,2013,1,1
81,조선명탐정 : 사라진 놉의 딸,(주)쇼박스,811,30456.879427999997,3872.015,사극,12세이상관람가,2015,2,1
82,역린,롯데쇼핑㈜롯데엔터테인먼트,1054,29893.297889999998,3849.433,사극,15세이상관람가,2014,4,2
83,남한산성,씨제이이앤엠(주),1229,31067.321992,3829.891,사극,15세이상관람가,2017,10,4
84,쌍화점,(주)쇼박스,499,25616.489949000003,3779.553,드라마,청소년관람불가,2008,12,1
85,암수살인,(주)쇼박스,1177,32855.895548,3772.62,범죄,15세이상관람가,2018,10,4
86,국가부도의 날,씨제이이앤엠(주),1180,30891.765837,3754.983,드라마,12세이상관람가,2018,11,4
87,신기전,씨제이엔터테인먼트,585,24314.570667,3726.134,사극,15세이상관람가,2008,9,4
88,82년생 김지영,롯데컬처웍스(주)롯데엔터테인먼트,1486,30298.54231,3678.156,드라마,12세이상관람가,2019,10,4
89,귀향,(주)와우픽쳐스,876,27245.051989999996,3586.523,드라마,15세이상관람가,2016,2,1
90,신의 한 수,(주)쇼박스,794,28777.712256,3562.123,범죄,청소년관람불가,2014,7,3
91,부러진 화살,(주)넥스트엔터테인먼트월드(NEW),453,25878.1105,3450.941,드라마,15세이상관람가,2012,1,1
92,끝까지 간다,(주)쇼박스,645,27006.0079,3450.143,액션,15세이상관람가,2014,5,2
93,스파이,씨제이이앤엠(주),785,24436.429305,3423.92,액션,15세이상관람가,2013,9,4
94,그것만이 내 세상,씨제이이앤엠(주),862,27441.213381999998,3417.629,코미디,12세이상관람가,2018,1,1
95,이끼,씨제이엔터테인먼트,736,25856.306126,3408.144,드라마,청소년관람불가,2010,7,3
96,돈,(주)쇼박스,1431,28869.614062,3389.035,범죄,15세이상관람가,2019,3,2
97,포화속으로,롯데쇼핑㈜롯데엔터테인먼트,736,24217.600897,3385.706,드라마,12세이상관람가,2010,6,3
98,악인전,"(주)에이스메이커무비웍스,(주)키위미디어그룹",1307,29128.29215,3364.079,범죄,청소년관람불가,2019,5,2
99,아이 캔 스피크,"롯데쇼핑㈜롯데엔터테인먼트,(주)리틀빅픽쳐스",1140,25532.214986000003,3280.243,코미디,12세이상관람가,2017,9,4
100,마녀,워너브러더스 코리아(주),1117,27242.029463,3189.091,미스터리,15세이상관람가,2018,6,3
101,탐정: 리턴즈,씨제이이앤엠(주),1041,26865.721677999998,3148.038,코미디,15세이상관람가,2018,6,3
102,퀵,씨제이이앤엠(주),512,22960.89,3125.069,코미디,15세이상관람가,2011,7,3
103,감기,아이러브시네마,806,21784.202,3119.023,드라마,15세이상관람가,2013,8,3
104,하모니,씨제이엔터테인먼트,405,21992.266197999998,3068.544,드라마,12세이상관람가,2010,1,1
105,거북이 달린다,(주)쇼박스,379,20857.347292,3059.812,드라마,15세이상관람가,2009,6,3
106,스물,(주)넥스트엔터테인먼트월드(NEW),926,23558.988686,3044.134,코미디,15세이상관람가,2015,3,2
107,방자전,씨제이엔터테인먼트,512,22853.629794,3035.116,사극,청소년관람불가,2010,6,3
108,마더,씨제이엔터테인먼트,648,20195.373838,3013.523,드라마,청소년관람불가,2009,5,2
109,오싹한 연애,씨제이이앤엠(주),469,21965.313,3001.53,공포(호러),12세이상관람가,2011,12,1
110,형,씨제이이앤엠(주),993,23113.768293,2979.659,코미디,12세이상관람가,2016,11,4
111,친구 2,롯데쇼핑㈜롯데엔터테인먼트,968,21804.687513,2971.475,액션,청소년관람불가,2013,11,4
112,26년,"(주)인벤트스톤,영화사청어람(주)",604,21241.327145,2963.449,액션,15세이상관람가,2012,11,4
113,공조,씨제이이앤엠(주),976,23918.185757,2957.33,액션,15세이상관람가,2017,1,1
114,고지전,(주)쇼박스,585,21968.5576,2945.137,드라마,15세이상관람가,2011,7,3
115,프리즌,(주)쇼박스,1047,23790.276987,2931.897,범죄,청소년관람불가,2017,3,2
116,가장 보통의 연애,(주)넥스트엔터테인먼트월드(NEW),1073,24822.31693,2917.213,멜로/로맨스,15세이상관람가,2019,10,4
117,헬로우 고스트,(주)넥스트엔터테인먼트월드(NEW),472,21154.651779,2897.477,코미디,12세이상관람가,2010,12,1
118,극비수사,(주)쇼박스,894,22389.535897,2860.786,드라마,15세이상관람가,2015,6,3
119,표적,씨제이이앤엠(주),665,22256.3593,2841.788,액션,15세이상관람가,2014,4,2
120,너의 결혼식,메가박스중앙(주)플러스엠,962,23670.604369,2820.029,멜로/로맨스,12세이상관람가,2018,8,3
121,말모이,롯데컬처웍스(주)롯데엔터테인먼트,1203,23682.63852,2812.444,드라마,12세이상관람가,2019,1,1
122,부당거래,씨제이엔터테인먼트,502,21326.977937,2766.436,범죄,청소년관람불가,2010,10,4
123,시라노; 연애조작단,롯데쇼핑㈜롯데엔터테인먼트,402,20171.151599,2731.828,멜로/로맨스,12세이상관람가,2010,9,4
124,내가 살인범이다,(주)쇼박스,547,20338.948,2721.903,액션,청소년관람불가,2012,11,4
125,곤지암,(주)쇼박스,1124,21442.114144,2675.559,공포(호러),15세이상관람가,2018,3,2
126,소원,롯데쇼핑㈜롯데엔터테인먼트,641,18251.9831,2663.17,드라마,12세이상관람가,2013,10,4
127,살인자의 기억법,(주)쇼박스,1064,21361.479492,2656.694,범죄,15세이상관람가,2017,9,4
128,탐정 : 더 비기닝,씨제이이앤엠(주),764,20463.956973,2625.686,코미디,15세이상관람가,2015,9,4
129,후궁 : 제왕의 첩,롯데쇼핑㈜롯데엔터테인먼트,624,19250.3545,2621.436,사극,청소년관람불가,2012,6,3
130,지금 만나러 갑니다,롯데쇼핑㈜롯데엔터테인먼트,1163,20800.916128,2602.273,멜로/로맨스,12세이상관람가,2018,3,2
131,위험한 상견례,롯데쇼핑㈜롯데엔터테인먼트,524,19174.9205,2595.625,코미디,12세이상관람가,2011,3,2
132,아수라,씨제이이앤엠(주),1278,20576.226662,2594.028,범죄,청소년관람불가,2016,9,4
133,굿모닝 프레지던트,씨제이엔터테인먼트,586,18770.88932,2583.294,코미디,전체관람가,2009,10,4
134,보안관,롯데쇼핑㈜롯데엔터테인먼트,1091,20697.532509,2571.491,범죄,15세이상관람가,2017,5,2
135,기술자들,롯데쇼핑㈜롯데엔터테인먼트,641,19894.297783,2564.34,범죄,15세이상관람가,2014,12,1
136,시동,(주)넥스트엔터테인먼트월드(NEW),1515,21236.4778,2525.986,드라마,15세이상관람가,2019,12,1
137,목격자,(주)넥스트엔터테인먼트월드(NEW),1021,21732.042597,2524.086,스릴러,15세이상관람가,2018,8,3
138,증인,롯데컬처웍스(주)롯데엔터테인먼트,1047,20312.348931,2516.128,드라마,12세이상관람가,2019,2,1
139,조작된 도시,씨제이이앤엠(주),1019,20119.979587,2512.572,범죄,15세이상관람가,2017,2,1
140,반창꼬,(주)넥스트엔터테인먼트월드(NEW),466,17883.988787000002,2471.721,멜로/로맨스,15세이상관람가,2012,12,1
141,블랙머니,(주)에이스메이커무비웍스,1117,20744.29651,2464.978,범죄,12세이상관람가,2019,11,4
142,화차,필라멘트픽쳐스,548,18450.76,2435.211,미스터리,15세이상관람가,2012,3,2
143,이웃사람,롯데쇼핑㈜롯데엔터테인먼트,600,18087.442369,2434.099,스릴러,청소년관람불가,2012,8,3
144,조선명탐정: 흡혈괴마의 비밀,(주)쇼박스,1249,19690.818764,2424.33,사극,12세이상관람가,2018,2,1
145,재심,"오퍼스픽쳐스(유),CGV아트하우스",935,19263.100637,2420.729,드라마,15세이상관람가,2017,2,1
146,사바하,씨제이이앤엠(주),1174,20002.183194,2397.792,미스터리,15세이상관람가,2019,2,1
147,의뢰인,(주)쇼박스,522,17797.0425,2393.086,스릴러,15세이상관람가,2011,9,4
148,화이: 괴물을 삼킨 아이,(주)쇼박스,817,17678.676795,2391.963,액션,청소년관람불가,2013,10,4
149,가문의 영광4 - 가문의 수난,(주)넥스트엔터테인먼트월드(NEW),537,17762.0355,2363.955,코미디,15세이상관람가,2011,9,4
150,블라인드,(주)넥스트엔터테인먼트월드(NEW),404,18361.4305,2362.906,스릴러,청소년관람불가,2011,8,3
151,박열,메가박스중앙(주)플러스엠,1176,18093.543794999998,2359.174,드라마,12세이상관람가,2017,6,3
152,미인도,씨제이엔터테인먼트,463,15531.621371000001,2325.715,사극,청소년관람불가,2008,11,4
153,라스트 갓파더,씨제이엔터테인먼트,547,16832.542997,2316.099,코미디,12세이상관람가,2010,12,1
154,하녀,(주)싸이더스,577,17310.669975999997,2304.487,스릴러,청소년관람불가,2010,5,2
155,박쥐,씨제이엔터테인먼트,462,15051.788827,2237.271,공포(호러),청소년관람불가,2009,4,2
156,7광구,씨제이이앤엠(주),812,19314.027,2232.179,SF,15세이상관람가,2011,8,3
157,타짜: 원 아이드 잭,롯데컬처웍스(주)롯데엔터테인먼트,1429,19673.441214,2227.671,범죄,청소년관람불가,2019,9,4
158,마당을 나온 암탉,롯데쇼핑㈜롯데엔터테인먼트,345,14656.5355,2199.048,애니메이션,전체관람가,2011,7,3
159,악의 연대기,씨제이이앤엠(주),776,17360.123332,2192.243,스릴러,15세이상관람가,2015,5,2
160,강남 1970,(주)쇼박스,841,17717.971499,2192.172,액션,청소년관람불가,2015,1,1
161,황해,"(주)쇼박스,이십세기폭스코리아(주)",618,16765.970362,2167.426,스릴러,청소년관람불가,2010,12,1
162,초능력자,(주)넥스트엔터테인먼트월드(NEW),622,15618.440958000001,2164.805,SF,15세이상관람가,2010,11,4
163,내 사랑 내 곁에,씨제이엔터테인먼트,474,15764.312409,2160.265,드라마,12세이상관람가,2009,9,4
164,신의 한 수: 귀수편,씨제이이앤엠(주),1246,18390.95505,2146.764,범죄,15세이상관람가,2019,11,4
165,마이 웨이,"에스케이플래닛(주),씨제이이앤엠(주)",645,15994.803,2142.622,전쟁,15세이상관람가,2011,12,1
166,나의 사랑 나의 신부,씨네그루(주)다우기술,629,16592.056305000002,2135.614,멜로/로맨스,15세이상관람가,2014,10,4
167,굿바이 싱글,(주)쇼박스,841,16912.706195,2108.273,코미디,15세이상관람가,2016,6,3
168,몽타주,(주)넥스트엔터테인먼트월드(NEW),540,15000.7225,2095.375,스릴러,15세이상관람가,2013,5,2
169,명당,메가박스중앙(주)플러스엠,1117,17900.775524,2087.474,사극,12세이상관람가,2018,9,4
170,내부자들: 디 오리지널,(주)쇼박스,838,16973.885275,2083.999,범죄,청소년관람불가,2015,12,1
171,쩨쩨한 로맨스,롯데쇼핑㈜롯데엔터테인먼트,463,15901.620661,2080.574,코미디,청소년관람불가,2010,12,1
172,눈에는 눈 이에는 이,롯데쇼핑㈜롯데엔터테인먼트,445,13414.0235,2058.764,범죄,15세이상관람가,2008,7,3
173,뷰티 인사이드,(주)넥스트엔터테인먼트월드(NEW),648,16152.717131,2053.947,판타지,12세이상관람가,2015,8,3
174,봉이 김선달,씨제이이앤엠(주),942,16172.133641999999,2044.564,사극,12세이상관람가,2016,7,3
175,남자가 사랑할 때,(주)넥스트엔터테인먼트월드(NEW),531,14510.2223,1979.311,멜로/로맨스,15세이상관람가,2014,1,1
176,협상,씨제이이앤엠(주),919,17032.133166,1967.721,범죄,15세이상관람가,2018,9,4
177,애자,(주)시너지하우스 (시너지),262,13785.879438999998,1922.634,드라마,15세이상관람가,2009,9,4
178,그림자 살인,씨제이엔터테인먼트,387,12805.808556,1914.779,미스터리,15세이상관람가,2009,4,2
179,내안의 그놈,"(주)메리크리스마스,TCO(주)더콘텐츠온",1041,16293.580566999999,1901.684,판타지,15세이상관람가,2019,1,1
180,오늘의 연애,씨제이이앤엠(주),709,14924.654487,1891.993,멜로/로맨스,15세이상관람가,2015,1,1
181,글러브,씨제이엔터테인먼트,605,13757.5745,1888.1,드라마,전체관람가,2011,1,1
182,해결사,"(주)넥스트엔터테인먼트월드(NEW),(주)에스비에스콘텐츠허브",524,14063.913437000001,1873.327,액션,15세이상관람가,2010,9,4
183,아이들...,롯데쇼핑㈜롯데엔터테인먼트,504,13562.6085,1864.408,범죄,15세이상관람가,2011,2,1
184,마약왕,(주)쇼박스,1297,16222.446941999999,1864.076,범죄,청소년관람불가,2018,12,1
185,코리아,씨제이이앤엠(주),537,13334.7625,1857.392,드라마,12세이상관람가,2012,5,2
186,노무현입니다,"CGV아트하우스,영화사 풀",775,14554.935612000001,1854.867,다큐멘터리,12세이상관람가,2017,5,2
187,집으로 가는 길,씨제이이앤엠(주),740,13048.519745,1854.625,드라마,15세이상관람가,2013,12,1
188,악마를 보았다,(주)쇼박스,494,14148.937025,1848.418,스릴러,청소년관람불가,2010,8,3
189,뺑반,(주)쇼박스,1285,15222.811848,1826.714,범죄,15세이상관람가,2019,1,1
190,변신,(주)에이스메이커무비웍스,975,15417.922925,1804.112,공포(호러),15세이상관람가,2019,8,3
191,차우,롯데쇼핑㈜롯데엔터테인먼트,397,12676.951144,1799.356,액션,12세이상관람가,2009,7,3
192,공범,씨제이이앤엠(주),611,12333.110881999999,1766.285,스릴러,15세이상관람가,2013,10,4
193,대호,(주)넥스트엔터테인먼트월드(NEW),892,13489.904632,1762.742,사극,12세이상관람가,2015,12,1
194,전설의 주먹,씨제이이앤엠(주),724,12732.2365,1737.253,드라마,청소년관람불가,2013,4,2
195,제보자,메가박스중앙(주)플러스엠,676,13371.522302,1735.64,드라마,12세이상관람가,2014,10,4
196,러브픽션,(주)넥스트엔터테인먼트월드(NEW),617,13200.4125,1726.202,멜로/로맨스,15세이상관람가,2012,2,1
197,평양성,롯데쇼핑㈜롯데엔터테인먼트,451,12684.5305,1717.566,전쟁,12세이상관람가,2011,1,1
198,파파로티,(주)쇼박스,552,11808.286,1713.891,드라마,15세이상관람가,2013,3,2
199,쎄시봉,씨제이이앤엠(주),829,13509.581911000001,1707.487,멜로/로맨스,15세이상관람가,2015,2,1
200,님은 먼 곳에,(주)쇼박스,499,11211.235,1706.576,드라마,15세이상관람가,2008,7,3
201,불꽃처럼 나비처럼,(주)쇼박스,437,12447.633504000001,1690.294,멜로/로맨스,15세이상관람가,2009,9,4
202,피끓는 청춘,롯데쇼핑㈜롯데엔터테인먼트,679,11688.382888,1676.04,코미디,15세이상관람가,2014,1,1
203,PMC: 더 벙커,씨제이이앤엠(주),1081,14024.838424000001,1671.548,액션,15세이상관람가,2018,12,1
204,공모자들,"씨너스엔터테인먼트(주),타임스토리그룹(주)",496,12240.9645,1646.142,범죄,청소년관람불가,2012,8,3
205,임금님의 사건수첩,씨제이이앤엠(주),1054,12648.793723,1634.403,코미디,12세이상관람가,2017,4,2
206,고死 : 피의 중간고사,에스케이텔레콤(주),270,10299.976,1634.051,공포(호러),15세이상관람가,2008,8,3
207,걸캅스,씨제이이앤엠(주),973,13772.604134000001,1625.037,코미디,15세이상관람가,2019,5,2
208,무방비도시,씨제이엔터테인먼트,336,10591.349944,1613.728,범죄,15세이상관람가,2008,1,1
209,우아한 거짓말,CGV아트하우스,555,11694.0113,1613.392,드라마,12세이상관람가,2014,3,2
210,하울링,씨제이이앤엠(주),550,11765.2935,1612.554,범죄,15세이상관람가,2012,2,1
211,두근두근 내 인생,씨제이이앤엠(주),629,12191.623034,1611.519,드라마,12세이상관람가,2014,9,4
212,사자,롯데컬처웍스(주)롯데엔터테인먼트,1405,12917.306145,1609.737,미스터리,15세이상관람가,2019,7,3
213,창궐,(주)넥스트엔터테인먼트월드(NEW),1351,13275.772490000001,1599.29,사극,15세이상관람가,2018,10,4
214,더 폰,(주)넥스트엔터테인먼트월드(NEW),794,12309.164568,1593.694,스릴러,15세이상관람가,2015,10,4
215,성난황소,(주)쇼박스,1010,13236.490737,1593.386,범죄,15세이상관람가,2018,11,4
216,무적자,씨제이엔터테인먼트,416,11816.488677,1571.432,드라마,15세이상관람가,2010,9,4
217,원스어폰어타임,(유)씨에이치엔터테인먼트,315,10180.143111,1562.486,액션,12세이상관람가,2008,1,1
218,용의자X,씨제이이앤엠(주),553,11241.013,1552.055,미스터리,15세이상관람가,2012,10,4
219,도어락,메가박스중앙(주)플러스엠,954,12694.612486,1545.442,스릴러,15세이상관람가,2018,12,1
220,유감스러운 도시,씨제이엔터테인먼트,375,10300.187478,1534.911,코미디,15세이상관람가,2009,1,1
221,작전,(주)쇼박스,393,10198.304795,1534.407,범죄,15세이상관람가,2009,2,1
222,퍼펙트 게임,롯데쇼핑㈜롯데엔터테인먼트,413,11220.4085,1507.084,드라마,12세이상관람가,2011,12,1
223,리틀 포레스트,메가박스중앙(주)플러스엠,884,11924.818185,1505.56,드라마,전체관람가,2018,2,1
224,더 게임,씨제이이엔엠㈜,339,9869.346556999999,1496.214,스릴러,15세이상관람가,2008,1,1
225,차이나타운,CGV아트하우스,551,11989.400678,1472.006,범죄,청소년관람불가,2015,4,2
226,스윙키즈,(주)넥스트엔터테인먼트월드(NEW),984,12077.312892,1470.753,드라마,12세이상관람가,2018,12,1
227,부라더,메가박스중앙(주)플러스엠,889,11590.908298,1468.301,코미디,12세이상관람가,2017,11,4
228,해무(海霧),(주)넥스트엔터테인먼트월드(NEW),584,11631.310218999999,1466.83,드라마,청소년관람불가,2014,8,3
229,나의 특별한 형제,(주)넥스트엔터테인먼트월드(NEW),936,11835.049573999999,1441.813,드라마,12세이상관람가,2019,5,2
230,탐정 홍길동: 사라진 마을,씨제이이앤엠(주),764,11483.686845,1426.873,드라마,15세이상관람가,2016,5,2
231,런닝맨,이십세기폭스코리아(주),567,10011.2005,1416.053,액션,15세이상관람가,2013,4,2
232,구르믈 버서난 달처럼,에스케이텔레콤(주),509,10408.565262,1407.681,사극,15세이상관람가,2010,4,2
233,기억의 밤,"메가박스중앙(주)플러스엠,주식회사 키위컴퍼니",751,10652.34666,1387.599,미스터리,15세이상관람가,2017,11,4
234,골든슬럼버,씨제이이앤엠(주),833,11412.768798000001,1387.508,범죄,15세이상관람가,2018,2,1
235,브이아이피,워너브러더스 코리아(주),996,10956.621835,1373.316,범죄,청소년관람불가,2017,8,3
236,특별시민,(주)쇼박스,1154,10494.768945,1362.634,드라마,15세이상관람가,2017,4,2
237,차형사,씨제이이앤엠(주),433,9752.555295999999,1346.754,코미디,15세이상관람가,2012,5,2
238,궁합,씨제이이앤엠(주),966,10478.875438,1340.117,코미디,12세이상관람가,2018,2,1
239,미스터 고,(주)쇼박스,840,9337.99,1328.89,코미디,12세이상관람가,2013,7,3
240,청담보살,(주)넥스트엔터테인먼트월드(NEW),404,9687.687439,1321.005,멜로/로맨스,15세이상관람가,2009,11,4
241,사라진 밤,(주)키다리이엔티,925,10686.397316,1314.274,스릴러,15세이상관람가,2018,3,2
242,간첩,롯데쇼핑㈜롯데엔터테인먼트,576,9316.5485,1310.895,드라마,15세이상관람가,2012,9,4
243,장산범,(주)넥스트엔터테인먼트월드(NEW),711,10332.117083,1305.145,미스터리,15세이상관람가,2017,8,3
244,킹콩을 들다,(주)넥스트엔터테인먼트월드(NEW),411,8597.263165999999,1277.8,드라마,전체관람가,2009,7,3
245,간기남,(주)쇼박스,356,9356.4045,1246.185,코미디,청소년관람불가,2012,4,2
246,유열의 음악앨범,CGV아트하우스,1078,10233.45504,1245.532,멜로/로맨스,12세이상관람가,2019,8,3
247,육혈포 강도단,롯데쇼핑㈜롯데엔터테인먼트,319,8784.927671,1233.582,코미디,15세이상관람가,2010,3,2
248,심야의 F.M.,롯데쇼핑㈜롯데엔터테인먼트,422,9328.562568000001,1228.673,스릴러,청소년관람불가,2010,10,4
249,특별수사: 사형수의 편지,(주)넥스트엔터테인먼트월드(NEW),691,9792.082065,1225.142,범죄,15세이상관람가,2016,6,3
250,찌라시: 위험한 소문,씨제이이앤엠(주),560,9111.648087,1221.42,범죄,15세이상관람가,2014,2,1
251,결혼전야,씨너스엔터테인먼트(주),524,8431.504719,1212.27,멜로/로맨스,15세이상관람가,2013,11,4
252,악녀,(주)넥스트엔터테인먼트월드(NEW),685,9730.720143999999,1206.917,액션,청소년관람불가,2017,6,3
253,인사동 스캔들,에스케이텔레콤(주),314,7900.084842,1206.101,드라마,15세이상관람가,2009,4,2
254,깡철이,씨제이이앤엠(주),707,8534.777462,1204.666,드라마,15세이상관람가,2013,10,4
255,시간이탈자,씨제이이앤엠(주),733,9729.882195,1202.058,스릴러,15세이상관람가,2016,4,2
256,R2B: 리턴투베이스,씨제이이앤엠(주),539,8600.489371,1201.64,액션,15세이상관람가,2012,8,3
257,해빙,롯데쇼핑㈜롯데엔터테인먼트,915,9879.737822,1201.576,스릴러,15세이상관람가,2017,3,2
258,더 웹툰: 예고살인,씨제이이앤엠(주),541,8534.32207,1201.033,공포(호러),15세이상관람가,2013,6,3
259,생일,(주)넥스트엔터테인먼트월드(NEW),862,9786.575840000001,1186.283,드라마,전체관람가,2019,4,2
260,바람 바람 바람,(주)넥스트엔터테인먼트월드(NEW),985,9702.206675,1183.959,코미디,청소년관람불가,2018,4,2
261,빅매치,(주)넥스트엔터테인먼트월드(NEW),627,8952.096578,1177.438,액션,15세이상관람가,2014,11,4
262,"힘을 내요, 미스터 리",(주)넥스트엔터테인먼트월드(NEW),990,9887.863906,1176.076,코미디,12세이상관람가,2019,9,4
263,서양 골동 양과자점 앤티크,"오퍼스픽쳐스(유),(주)쇼박스",451,7367.880833,1173.31,드라마,15세이상관람가,2008,11,4
264,동주,메가박스중앙(주)플러스엠,499,8864.695589,1168.427,드라마,12세이상관람가,2016,2,1
265,돈의 맛,"(주)시너지하우스 (시너지),롯데쇼핑㈜롯데엔터테인먼트",643,8776.870611,1165.488,드라마,청소년관람불가,2012,5,2
266,장수상회,씨제이이앤엠(주),688,8707.389643,1160.935,멜로/로맨스,12세이상관람가,2015,4,2
267,가문의 영광5 - 가문의 귀환,롯데쇼핑㈜롯데엔터테인먼트,447,8330.3425,1160.021,코미디,15세이상관람가,2012,12,1
268,슬로우 비디오,이십세기폭스코리아(주),618,8840.530219,1159.787,드라마,12세이상관람가,2014,10,4
269,미씽: 사라진 여자,메가박스중앙(주)플러스엠,790,8881.616256,1153.109,미스터리,15세이상관람가,2016,11,4
270,퍼펙트맨,(주)쇼박스,894,9604.13975,1144.894,코미디,15세이상관람가,2019,10,4
271,용서는 없다,(주)시네마서비스,334,8737.627361,1144.238,범죄,청소년관람불가,2010,1,1
272,장사리 : 잊혀진 영웅들,워너브러더스 코리아(주),1090,8997.92105,1140.876,전쟁,12세이상관람가,2019,9,4
273,고령화 가족,씨제이이앤엠(주),583,8159.482153,1139.25,드라마,15세이상관람가,2013,5,2
274,김종욱 찾기,씨제이엔터테인먼트,442,8271.660983,1130.638,멜로/로맨스,12세이상관람가,2010,12,1
275,하루,CGV아트하우스,781,9068.009842,1129.018,스릴러,15세이상관람가,2017,6,3
276,챔피언,워너브러더스 코리아(주),874,9441.06423,1125.319,드라마,12세이상관람가,2018,5,2
277,성난 변호사,씨제이이앤엠(주),607,8697.174039,1124.918,범죄,15세이상관람가,2015,10,4
278,"당신, 거기 있어줄래요",롯데쇼핑㈜롯데엔터테인먼트,767,8999.085248000001,1124.815,판타지,12세이상관람가,2016,12,1
279,6년째 연애중,(주)스튜디오210,327,7460.438,1123.294,멜로/로맨스,15세이상관람가,2008,2,1
280,특수본,"(주)시너지하우스 (시너지),롯데쇼핑㈜롯데엔터테인먼트",471,8096.0525,1118.258,액션,15세이상관람가,2011,11,4
281,회사원,(주)쇼박스,549,8321.175,1110.523,액션,청소년관람불가,2012,10,4
282,간신,롯데쇼핑㈜롯데엔터테인먼트,697,8946.84291,1110.246,사극,청소년관람불가,2015,5,2
283,베스트셀러,(주)시너지하우스 (시너지),317,8110.824681,1099.665,미스터리,15세이상관람가,2010,4,2
284,롱 리브 더 킹: 목포 영웅,"메가박스중앙(주)플러스엠,(주)콘텐츠 난다긴다",965,9218.26291,1092.738,액션,15세이상관람가,2019,6,3
285,오빠생각,(주)넥스트엔터테인먼트월드(NEW),855,8058.857287000001,1069.436,드라마,12세이상관람가,2016,1,1
286,"날, 보러와요",메가박스중앙(주)플러스엠,683,8821.335062999999,1061.412,미스터리,청소년관람불가,2016,4,2
287,수상한 고객들,씨제이이앤엠(주),411,7953.428000000001,1059.35,코미디,15세이상관람가,2011,4,2
288,시크릿,씨제이엔터테인먼트,397,7979.591606999999,1046.787,스릴러,청소년관람불가,2009,12,1
289,그놈이다,CGV아트하우스,681,8098.811151999999,1046.313,스릴러,15세이상관람가,2015,10,4
290,동창생,(주)쇼박스,660,6983.395126,1044.522,액션,15세이상관람가,2013,11,4
291,점박이:한반도의 공룡3D,씨제이이앤엠(주),457,9621.468,1040.636,애니메이션,전체관람가,2012,1,1
292,파괴된 사나이,(주)시너지하우스 (시너지),190,7820.538614,1030.285,드라마,청소년관람불가,2010,7,3
293,오직 그대만,(주)쇼박스,435,7591.0085,1027.622,멜로/로맨스,15세이상관람가,2011,10,4
294,심장이 뛴다,롯데쇼핑㈜롯데엔터테인먼트,445,7538.0835,1006.947,드라마,15세이상관람가,2011,1,1
295,염력,(주)넥스트엔터테인먼트월드(NEW),1099,7484.644112000001,990.104,드라마,15세이상관람가,2018,1,1
296,방황하는 칼날,씨제이이앤엠(주),594,7806.3778,987.42,범죄,청소년관람불가,2014,4,2
297,시체가 돌아왔다,씨제이이앤엠(주),435,7357.6230000000005,986.547,범죄,15세이상관람가,2012,3,2
298,미쓰 와이프,메가박스중앙(주)플러스엠,437,7357.162869,984.265,코미디,15세이상관람가,2015,8,3
299,원더풀 라디오,(주)쇼박스,474,7193.596,977.47,드라마,15세이상관람가,2012,1,1
300,돈 크라이 마미,(주)에스비에스콘텐츠허브,444,6808.8820989999995,975.462,스릴러,15세이상관람가,2012,11,4
301,바보,씨제이엔터테인먼트,263,6301.818833,974.554,드라마,12세이상관람가,2008,2,1
302,"고산자, 대동여지도",씨제이이앤엠(주),765,7777.473258,971.194,사극,전체관람가,2016,9,4
303,우리는 형제입니다,(주)쇼박스,566,7263.255399,970.373,코미디,12세이상관람가,2014,10,4
304,천문: 하늘에 묻는다,롯데컬처웍스(주)롯데엔터테인먼트,1198,7808.24295,965.624,사극,12세이상관람가,2019,12,1
305,전국노래자랑,롯데쇼핑㈜롯데엔터테인먼트,581,6606.589,963.634,코미디,12세이상관람가,2013,5,2
306,나랏말싸미,메가박스중앙(주)플러스엠,1211,7871.240823,958.775,사극,전체관람가,2019,7,3
307,허삼관,(주)넥스트엔터테인먼트월드(NEW),621,7405.415569,955.175,드라마,12세이상관람가,2015,1,1
308,불한당: 나쁜 놈들의 세상,씨제이이앤엠(주),860,7654.331125,951.797,범죄,청소년관람불가,2017,5,2
309,GP 506,(주)쇼박스,355,6316.842,945.185,공포(호러),청소년관람불가,2008,4,2
310,평행이론,씨제이엔터테인먼트,272,6905.140883,937.029,스릴러,15세이상관람가,2010,2,1
311,뽀로로 극장판 슈퍼썰매 대모험,"(주)넥스트엔터테인먼트월드(NEW),씨제이이앤엠(주)",459,6819.9795,929.985,애니메이션,전체관람가,2013,1,1
312,크로싱,(주)벤티지홀딩스,303,5657.365667,907.255,드라마,12세이상관람가,2008,6,3
313,더 킹,(주)넥스트엔터테인먼트월드(NEW),1310,7266.896026,905.885,범죄,15세이상관람가,2017,1,1
314,점쟁이들,(주)넥스트엔터테인먼트월드(NEW),479,6345.2935,900.054,코미디,15세이상관람가,2012,10,4
315,인랑,워너브러더스 코리아(주),1085,6994.748173000001,897.548,SF,15세이상관람가,2018,7,3
316,극장판 헬로카봇 : 백악기 시대,(주)넥스트엔터테인먼트월드(NEW),758,6542.6195,874.967,애니메이션,전체관람가,2018,8,3
317,고死 두 번째 이야기: 교생실습,(주)넥스트엔터테인먼트월드(NEW),320,5901.0459869999995,872.594,공포(호러),15세이상관람가,2010,7,3
318,열한시,씨제이이앤엠(주),512,6097.7919999999995,870.785,스릴러,15세이상관람가,2013,11,4
319,미확인 동영상 : 절대클릭금지,(주)쇼박스,361,5939.8405,867.386,공포(호러),15세이상관람가,2012,5,2
320,숙명,씨제이엔터테인먼트,341,5680.8735,858.215,드라마,청소년관람불가,2008,3,2
321,살인의뢰,씨네그루(주)다우기술,646,6986.456737,855.98,범죄,청소년관람불가,2015,3,2
322,좋아해줘,씨제이이앤엠(주),637,6572.774337,848.148,멜로/로맨스,12세이상관람가,2016,2,1
323,만추,씨제이엔터테인먼트,444,6300.5145,844.103,멜로/로맨스,15세이상관람가,2011,2,1
324,대립군,이십세기폭스코리아(주),809,6276.963402,837.5,드라마,15세이상관람가,2017,5,2
325,마린보이,씨제이엔터테인먼트,340,5565.284169,837.059,액션,15세이상관람가,2009,2,1
326,체포왕,롯데쇼핑㈜롯데엔터테인먼트,407,6146.6105,831.804,코미디,15세이상관람가,2011,5,2
327,손님,씨제이이앤엠(주),634,6385.29588,827.918,판타지,15세이상관람가,2015,7,3
328,뽀로로 극장판 공룡섬 대모험,(주)넥스트엔터테인먼트월드(NEW),803,6203.8973,824.079,애니메이션,전체관람가,2017,12,1
329,남쪽으로 튀어,롯데쇼핑㈜롯데엔터테인먼트,428,5907.2975,821.918,코미디,15세이상관람가,2013,2,1
330,레드슈즈,(주)넥스트엔터테인먼트월드(NEW),717,6102.9231899999995,817.547,애니메이션,전체관람가,2019,7,3
331,카트,(주)리틀빅픽쳐스,544,5809.735433,799.275,드라마,12세이상관람가,2014,11,4
332,화이트: 저주의 멜로디,씨제이이앤엠(주),305,5587.166,790.954,공포(호러),15세이상관람가,2011,6,3
333,상의원,"(주)쇼박스,(주)와우픽쳐스",466,6202.433964,790.158,사극,15세이상관람가,2014,12,1
334,관능의 법칙,롯데쇼핑㈜롯데엔터테인먼트,591,5808.7895,773.996,드라마,청소년관람불가,2014,2,1
335,푸른소금,씨제이이앤엠(주),476,5739.8245,771.699,액션,15세이상관람가,2011,8,3
336,나는 왕이로소이다,롯데쇼핑㈜롯데엔터테인먼트,471,5317.185404,768.971,사극,12세이상관람가,2012,8,3
337,상류사회,롯데컬처웍스(주)롯데엔터테인먼트,867,6313.416163,768.442,드라마,청소년관람불가,2018,8,3
338,뽀로로 극장판 보물섬 대모험,(주)넥스트엔터테인먼트월드(NEW),736,5886.2689,766.758,애니메이션,전체관람가,2019,4,2
339,레슬러,롯데쇼핑㈜롯데엔터테인먼트,957,6440.492657,765.963,드라마,15세이상관람가,2018,5,2
340,모던보이,씨제이엔터테인먼트,373,4971.420999999999,758.473,드라마,12세이상관람가,2008,10,4
341,스플릿,오퍼스픽쳐스(유),702,6097.721539,757.43,드라마,15세이상관람가,2016,11,4
342,주유소 습격사건 2,(주)시네마서비스,322,5466.499511,742.475,액션,15세이상관람가,2010,1,1
343,김씨표류기,(주)시네마서비스,288,4796.220849,733.931,코미디,12세이상관람가,2009,5,2
344,더 파이브,씨제이이앤엠(주),501,5343.797,731.212,스릴러,청소년관람불가,2013,11,4
345,순정만화,씨제이엔터테인먼트,386,4674.7793329999995,730.343,멜로/로맨스,12세이상관람가,2008,11,4
346,슬픔보다 더 슬픈 이야기,(주)쇼박스,353,4774.850499,724.107,멜로/로맨스,15세이상관람가,2009,3,2
347,물괴,"롯데컬처웍스(주)롯데엔터테인먼트,(주)키다리이엔티",1183,6104.164954,723.414,액션,15세이상관람가,2018,9,4
348,미쓰백,(주)리틀빅픽쳐스,638,6027.243066,720.558,드라마,15세이상관람가,2018,10,4
349,풍산개,(주)넥스트엔터테인먼트월드(NEW),286,5395.0195,714.102,드라마,청소년관람불가,2011,6,3
350,국가대표 2,메가박스중앙(주)플러스엠,562,5424.324942,703.024,드라마,12세이상관람가,2016,8,3
351,통증,롯데쇼핑㈜롯데엔터테인먼트,317,5207.167,693.101,멜로/로맨스,15세이상관람가,2011,9,4
352,신비아파트: 금빛 도깨비와 비밀의 동굴,씨제이이앤엠(주),762,5001.24725,678.091,애니메이션,전체관람가,2018,7,3
353,신비아파트 극장판 하늘도깨비 대 요르문간드,씨제이이앤엠(주),841,5299.94244,672.122,애니메이션,전체관람가,2019,12,1
354,고양이: 죽음을 보는 두 개의 눈,(주)넥스트엔터테인먼트월드(NEW),304,4767.098,670.295,공포(호러),15세이상관람가,2011,7,3
355,실종,(주)시너지하우스 (시너지),257,4415.413589,654.587,범죄,청소년관람불가,2009,3,2
356,열정같은소리하고있네,(주)넥스트엔터테인먼트월드(NEW),566,4761.399902,654.407,드라마,15세이상관람가,2015,11,4
357,그날의 분위기,(주)쇼박스,592,5142.899612,652.453,멜로/로맨스,15세이상관람가,2016,1,1
358,여고괴담 5,롯데쇼핑㈜롯데엔터테인먼트,318,4205.826795,652.097,공포(호러),15세이상관람가,2009,6,3
359,울학교 이티,에스케이텔레콤(주),298,4156.170833,651.439,드라마,15세이상관람가,2008,9,4
360,아빠는 딸,메가박스중앙(주)플러스엠,520,5047.634395,646.412,코미디,12세이상관람가,2017,4,2
361,사냥,롯데쇼핑㈜롯데엔터테인먼트,696,4912.658515,645.922,액션,15세이상관람가,2016,6,3
362,나를 찾아줘,워너브러더스 코리아(주),875,5117.01462,645.082,스릴러,15세이상관람가,2019,11,4
363,광대들: 풍문조작단,워너브러더스 코리아(주),806,5226.7760880000005,637.021,사극,12세이상관람가,2019,8,3
364,널 기다리며,(주)넥스트엔터테인먼트월드(NEW),551,5232.611336,634.953,스릴러,청소년관람불가,2016,3,2
365,플랜맨,롯데쇼핑㈜롯데엔터테인먼트,458,4528.561557999999,632.299,드라마,15세이상관람가,2014,1,1
366,핸드폰,에스케이텔레콤(주),356,4271.780582,630.049,스릴러,청소년관람불가,2009,2,1
367,조선마술사,롯데쇼핑㈜롯데엔터테인먼트,608,4650.016527000001,628.576,드라마,12세이상관람가,2015,12,1
368,다찌마와리,(주)쇼박스,299,4131.701167,628.508,액션,12세이상관람가,2008,8,3
369,홍길동의 후예,에스케이텔레콤(주),380,4293.061087,616.654,액션,12세이상관람가,2009,11,4
370,특종: 량첸살인기,롯데쇼핑㈜롯데엔터테인먼트,776,4754.763118,616.481,스릴러,15세이상관람가,2015,10,4
371,미쓰GO,(주)넥스트엔터테인먼트월드(NEW),440,4441.859,611.685,액션,15세이상관람가,2012,6,3
372,서부전선,롯데쇼핑㈜롯데엔터테인먼트,509,4751.6614,609.063,전쟁,12세이상관람가,2015,9,4
373,이층의 악당,(주)싸이더스,384,4332.815318,605.224,코미디,15세이상관람가,2010,11,4
374,반가운 살인자,롯데쇼핑㈜롯데엔터테인먼트,261,4347.073175,599.176,코미디,15세이상관람가,2010,4,2
375,우는 남자,씨제이이앤엠(주),508,4883.7408,599.05,액션,청소년관람불가,2014,6,3
376,황제를 위하여,유나이티드픽처스(주),423,4751.881771,592.041,액션,청소년관람불가,2014,6,3
377,패션왕,(주)넥스트엔터테인먼트월드(NEW),523,4338.223379,591.125,코미디,15세이상관람가,2014,11,4
378,뜨거운 것이 좋아,(주)시네마서비스,256,3790.2358329999997,590.409,드라마,15세이상관람가,2008,1,1
379,극장판 헬로카봇 : 달나라를 구해줘!,롯데컬처웍스(주)롯데엔터테인먼트,889,4553.43415,587.818,애니메이션,전체관람가,2019,9,4
380,퀴즈왕,(주)시네마서비스,323,4258.992759000001,583.183,코미디,15세이상관람가,2010,9,4
381,고고 70,(주)쇼박스,362,3795.149333,581.468,드라마,15세이상관람가,2008,10,4
382,극장판 헬로카봇: 옴파로스 섬의 비밀,(주)넥스트엔터테인먼트월드(NEW),752,4485.90514,575.353,애니메이션,전체관람가,2019,1,1
383,파파,롯데쇼핑㈜롯데엔터테인먼트,414,3866.0655,562.156,가족,12세이상관람가,2012,2,1
384,슈퍼맨이었던 사나이,씨제이엔터테인먼트,388,3688.3093329999997,559.705,드라마,전체관람가,2008,1,1
385,양자물리학,(주)메리크리스마스,799,4526.47838,553.879,범죄,15세이상관람가,2019,9,4
386,점박이 한반도의 공룡2 : 새로운 낙원,(주)넥스트엔터테인먼트월드(NEW),672,4293.0733,550.059,애니메이션,전체관람가,2018,12,1
387,너는 펫,롯데쇼핑㈜롯데엔터테인먼트,341,3798.3979999999997,540.972,멜로/로맨스,12세이상관람가,2011,11,4
388,트럭,(주)싸이더스,257,3668.218,540.485,범죄,청소년관람불가,2008,9,4
389,미쓰 홍당무,(주)벤티지홀딩스,290,3564.4016079999997,532.324,드라마,청소년관람불가,2008,10,4
390,사이코메트리,씨제이이앤엠(주),429,3964.769129,531.953,미스터리,청소년관람불가,2013,3,2
391,버닝,CGV아트하우스,739,4714.345098,528.153,미스터리,청소년관람불가,2018,5,2
392,챔프,(주)쇼박스,288,3805.7209999999995,528.149,드라마,12세이상관람가,2011,9,4
393,7년의 밤,씨제이이앤엠(주),872,3969.337524,528.007,스릴러,15세이상관람가,2018,3,2
394,몬스터,롯데쇼핑㈜롯데엔터테인먼트,527,4136.202515,526.282,스릴러,청소년관람불가,2014,3,2
395,헬머니,(주)넥스트엔터테인먼트월드(NEW),422,4096.141971999999,519.983,코미디,청소년관람불가,2015,3,2
396,가려진 시간,(주)쇼박스,884,3946.4624,510.878,드라마,12세이상관람가,2016,11,4
397,남자사용설명서,(주)쇼박스,372,3602.049257,507.257,코미디,15세이상관람가,2013,2,1
398,아부의 왕,롯데쇼핑㈜롯데엔터테인먼트,428,3511.1025,497.88,코미디,15세이상관람가,2012,6,3
399,캐치미,롯데쇼핑㈜롯데엔터테인먼트,517,3387.4829999999997,492.773,코미디,12세이상관람가,2013,12,1
400,무서운 이야기 2,롯데쇼핑㈜롯데엔터테인먼트,337,3375.4725,492.465,미스터리,15세이상관람가,2013,6,3
401,불량남녀,(주)쇼박스,345,3619.026909,491.207,코미디,15세이상관람가,2010,11,4
402,또 하나의 약속,영화사올(주),192,3470.1844,489.409,드라마,12세이상관람가,2014,2,1
403,침묵,씨제이이앤엠(주),634,3873.542364,487.897,드라마,15세이상관람가,2017,11,4
404,해어화,롯데쇼핑㈜롯데엔터테인먼트,572,3763.8527590000003,485.083,사극,15세이상관람가,2016,4,2
405,계춘할망,(주)콘텐츠 난다긴다,526,3589.3173479999996,480.987,가족,15세이상관람가,2016,5,2
406,소녀괴담,(주)리틀빅픽쳐스,455,3546.340054,480.528,미스터리,15세이상관람가,2014,7,3
407,조선미녀삼총사,(주)쇼박스,388,3471.341321,480.361,코미디,12세이상관람가,2014,1,1
408,친정엄마,(주)싸이더스,276,3367.901082,478.822,드라마,전체관람가,2010,4,2
409,넛잡: 땅콩 도둑들,(주)싸이더스,382,3280.6081,478.392,애니메이션,전체관람가,2014,1,1
410,"로봇, 소리",롯데쇼핑㈜롯데엔터테인먼트,609,3519.59556,476.665,드라마,12세이상관람가,2016,1,1
411,변산,메가박스중앙(주)플러스엠,763,3886.0524729999997,474.137,드라마,15세이상관람가,2018,7,3
412,위험한 상견례 2,"롯데쇼핑㈜롯데엔터테인먼트,(주)마인스 엔터테인먼트",429,3575.3847539999997,472.693,멜로/로맨스,15세이상관람가,2015,4,2
413,카운트다운,"(주)싸이더스,(주)넥스트엔터테인먼트월드(NEW)",341,3630.5570000000002,471.547,드라마,청소년관람불가,2011,9,4
414,식객2 : 김치전쟁,롯데쇼핑㈜롯데엔터테인먼트,357,3298.814209,471.103,드라마,전체관람가,2010,1,1
415,달콤한 거짓말,씨제이엔터테인먼트,339,3116.983744,470.256,멜로/로맨스,12세이상관람가,2008,12,1
416,리얼,씨제이이앤엠(주),970,3357.3125299999997,470.105,액션,청소년관람불가,2017,6,3
417,페이스메이커,"(주)시너지하우스 (시너지),롯데쇼핑㈜롯데엔터테인먼트",412,3443.7529999999997,467.697,드라마,12세이상관람가,2012,1,1
418,순수의 시대,씨제이이앤엠(주),546,3702.3538280000002,465.492,사극,청소년관람불가,2015,3,2
419,동네사람들,(주)리틀빅픽쳐스,731,3797.6761119999996,459.02,액션,15세이상관람가,2018,11,4
420,노브레싱,(주)나이너스엔터테인먼트,584,2991.824739,451.669,드라마,15세이상관람가,2013,10,4
421,원더풀 고스트,"(주)제이앤씨미디어그룹,TCO(주)더콘텐츠온",351,3720.9316,450.374,코미디,12세이상관람가,2018,9,4
422,대한민국 1%,롯데쇼핑㈜롯데엔터테인먼트,287,2280.7625160000002,447.569,드라마,12세이상관람가,2010,5,2
423,반드시 잡는다,(주)넥스트엔터테인먼트월드(NEW),565,3324.0337719999998,446.379,스릴러,15세이상관람가,2017,11,4
424,뽀로로 극장판 컴퓨터 왕국 대모험,(주)넥스트엔터테인먼트월드(NEW),544,3290.5827,445.014,애니메이션,전체관람가,2015,12,1
425,오감도,(주)시너지하우스 (시너지),302,3107.441952,443.462,드라마,청소년관람불가,2009,7,3
426,10억,(주)싸이더스,252,3142.668973,438.833,스릴러,15세이상관람가,2009,8,3
427,감쪽같은 그녀,메가박스중앙(주)플러스엠,761,3377.51179,436.205,드라마,전체관람가,2019,12,1
428,아기와 나,(주)프라임엔터테인먼트,217,2667.055,435.551,드라마,12세이상관람가,2008,8,3
429,원라인,(주)넥스트엔터테인먼트월드(NEW),613,3310.122433,433.825,범죄,15세이상관람가,2017,3,2
430,"협녀, 칼의 기억",롯데쇼핑㈜롯데엔터테인먼트,572,3360.045489,431.31,사극,15세이상관람가,2015,8,3
431,창수,"(주)마인스 엔터테인먼트,(주)박수엔터테인먼트",415,3146.542,429.141,드라마,청소년관람불가,2013,11,4
432,오피스,(주)리틀빅픽쳐스,425,3354.08623,428.429,스릴러,15세이상관람가,2015,9,4
433,모비딕,(주)쇼박스,377,3246.572,428.139,스릴러,15세이상관람가,2011,6,3
434,두 개의 달,롯데쇼핑㈜롯데엔터테인먼트,347,2944.786748,425.972,공포(호러),15세이상관람가,2012,7,3
435,나를 잊지 말아요,씨제이이앤엠(주),559,3398.915,425.799,멜로/로맨스,15세이상관람가,2016,1,1
436,티끌모아 로맨스,필라멘트픽쳐스,294,2942.2535,424.002,멜로/로맨스,15세이상관람가,2011,11,4
437,기다리다 미쳐,(주)시네마서비스,239,2725.3426670000003,422.363,멜로/로맨스,15세이상관람가,2008,1,1
438,흥부: 글로 세상을 바꾼 자,롯데쇼핑㈜롯데엔터테인먼트,627,3381.0502,416.303,사극,12세이상관람가,2018,2,1
439,늑대소년-확장판,씨제이이앤엠(주),278,2868.3025,414.083,멜로/로맨스,15세이상관람가,2012,12,1
440,극장판 공룡메카드: 타이니소어의 섬,(주)넥스트엔터테인먼트월드(NEW),763,3140.21442,410.131,애니메이션,전체관람가,2019,1,1
441,넛잡 2,롯데쇼핑㈜롯데엔터테인먼트,526,3038.9451,407.727,애니메이션,전체관람가,2017,10,4
442,좋은 친구들,씨제이이앤엠(주),371,3201.527031,404.456,범죄,청소년관람불가,2014,7,3
443,사랑이 무서워,롯데쇼핑㈜롯데엔터테인먼트,290,2992.783,397.923,코미디,15세이상관람가,2011,3,2
444,내 심장을 쏴라,"(주)리틀빅픽쳐스,(주)이수C&E",452,2856.859132,387.409,드라마,15세이상관람가,2015,1,1
445,나의 독재자,롯데쇼핑㈜롯데엔터테인먼트,654,2906.692546,385.934,드라마,15세이상관람가,2014,10,4
446,보통사람,오퍼스픽쳐스(유),621,2956.397623,383.336,드라마,15세이상관람가,2017,3,2
447,소수의견,(주)시네마서비스,398,2891.431205,383.332,드라마,15세이상관람가,2015,6,3
448,대장 김창수,"(주)키다리이엔티,주식회사 키위컴퍼니",748,2871.905115,380.581,드라마,12세이상관람가,2017,10,4
449,경성학교: 사라진 소녀들,롯데쇼핑㈜롯데엔터테인먼트,489,2749.0277,356.342,미스터리,15세이상관람가,2015,6,3
450,석조저택 살인사건,(주)키다리이엔티,539,2815.742886,351.83,스릴러,15세이상관람가,2017,5,2
451,커플즈,(주)싸이더스,387,2646.5785,351.779,멜로/로맨스,15세이상관람가,2011,11,4
452,싱글라이더,워너브러더스 코리아(주),576,2685.519021,351.276,드라마,15세이상관람가,2017,2,1
453,7호실,롯데쇼핑㈜롯데엔터테인먼트,629,2677.284639,347.79,코미디,15세이상관람가,2017,11,4
454,치외법권,판씨네마(주),446,2664.941005,346.483,액션,15세이상관람가,2015,8,3
455,러브 유어셀프 인 서울,씨제이 씨지브이(CJ CGV)(주),224,3209.6829,342.366,공연,전체관람가,2019,1,1
456,하이힐,롯데쇼핑㈜롯데엔터테인먼트,385,2735.9725,339.844,범죄,청소년관람불가,2014,6,3
457,음치 클리닉,롯데쇼핑㈜롯데엔터테인먼트,360,2248.238,338.168,멜로/로맨스,12세이상관람가,2012,11,4
458,맨발의 꿈,(주)쇼박스,333,2413.427097,338.08,드라마,전체관람가,2010,6,3
459,허스토리,(주)넥스트엔터테인먼트월드(NEW),696,2521.025949,336.822,드라마,12세이상관람가,2018,6,3
460,브링 더 소울 : 더 무비,"CGV ICECON,월트디즈니컴퍼니코리아 유한책임회사",569,2902.5003100000004,336.074,기타,전체관람가,2019,8,3
461,미나문방구,롯데쇼핑㈜롯데엔터테인먼트,385,2247.0170000000003,334.323,드라마,전체관람가,2013,5,2
462,무서운 이야기,롯데쇼핑㈜롯데엔터테인먼트,274,2452.368566,331.76,공포(호러),청소년관람불가,2012,7,3
463,희생부활자,(주)쇼박스,781,2515.479835,323.628,미스터리,15세이상관람가,2017,10,4
464,정승필 실종사건,롯데쇼핑㈜롯데엔터테인먼트,238,2321.588076,322.459,코미디,15세이상관람가,2009,10,4
465,도리화가,씨제이이앤엠(주),563,2246.950339,317.505,사극,12세이상관람가,2015,11,4
466,세상에서 가장 아름다운 이별,(주)넥스트엔터테인먼트월드(NEW),340,2295.8975,316.788,드라마,15세이상관람가,2011,4,2
467,레드카펫,(주)프레인글로벌,385,2404.45858,316.78,멜로/로맨스,15세이상관람가,2014,10,4
468,번 더 스테이지: 더 무비,월트디즈니컴퍼니코리아 유한책임회사,243,2671.3919,315.01,기타,전체관람가,2018,11,4
469,마이 블랙 미니드레스,씨제이이앤엠(주),325,2318.8845,313.953,드라마,15세이상관람가,2011,3,2
470,위대한 소원,(주)넥스트엔터테인먼트월드(NEW),524,2438.260213,308.18,코미디,15세이상관람가,2016,4,2
471,덕구,메가박스중앙(주)플러스엠,544,2320.8197,306.126,드라마,전체관람가,2018,4,2
472,미성년,(주)쇼박스,673,2493.76995,293.258,드라마,15세이상관람가,2019,4,2
473,호우시절,(주)넥스트엔터테인먼트월드(NEW),334,2165.019514,291.143,멜로/로맨스,15세이상관람가,2009,10,4
474,배심원들,CGV아트하우스,784,2303.1300899999997,288.113,드라마,12세이상관람가,2019,5,2
475,혼숨,(주)프레인글로벌,498,2258.422445,288.016,공포(호러),15세이상관람가,2016,10,4
476,기방도령,판씨네마(주),625,2327.76019,286.806,코미디,15세이상관람가,2019,7,3
477,1724 기방난동사건,(주)싸이더스,337,1886.1951210000002,286.657,사극,15세이상관람가,2008,12,1
478,네버엔딩 스토리,(주)화앤담이엔티,269,2106.823,283.449,코미디,15세이상관람가,2012,1,1
479,다이노 타임,씨제이이앤엠(주),430,2099.6831,283.3,애니메이션,전체관람가,2015,4,2
480,극장판 안녕 자두야,씨제이이앤엠(주),523,2124.8323,278.914,애니메이션,전체관람가,2016,5,2
481,마지막 선물,(주)쇼박스,263,1748.5178329999999,272.89,드라마,15세이상관람가,2008,2,1
482,가루지기,(주)쇼박스,311,1777.787,272.648,드라마,청소년관람불가,2008,4,2
483,요가학원,(주)싸이더스,251,1947.8341070000001,271.514,공포(호러),15세이상관람가,2009,8,3
484,가비,(주)시네마서비스,339,1969.3605,270.602,드라마,15세이상관람가,2012,3,2
485,롤러코스터,씨제이이앤엠(주),374,1913.0876,270.148,코미디,15세이상관람가,2013,10,4
486,마이 뉴 파트너,(주)엠플러스픽쳐스,220,1696.9023329999998,265.323,액션,15세이상관람가,2008,3,2
487,악질경찰,워너브러더스 코리아(주),833,2256.615278,262.233,범죄,청소년관람불가,2019,3,2
488,함정,(주)인벤트스톤,445,2088.6852,257.716,스릴러,청소년관람불가,2015,9,4
489,기묘한 가족,메가박스중앙(주)플러스엠,625,2062.904275,256.202,코미디,12세이상관람가,2019,2,1
490,밤의 여왕,(주)인벤트스톤,333,1762.8925,252.475,멜로/로맨스,15세이상관람가,2013,10,4
491,불신지옥,(주)쇼박스,237,1818.156353,251.314,미스터리,15세이상관람가,2009,8,3
492,비밀은 없다,씨제이이앤엠(주),502,2027.8012390000001,250.65,스릴러,청소년관람불가,2016,6,3
493,걸스카우트,롯데쇼핑㈜롯데엔터테인먼트,257,1534.585,249.114,드라마,15세이상관람가,2008,6,3
494,적과의 동침,(주)쇼박스,391,1740.34,243.094,드라마,12세이상관람가,2011,4,2
495,미옥,(주)키다리이엔티,635,1897.705564,238.587,범죄,청소년관람불가,2017,11,4
496,강철대오:구국의 철가방,롯데쇼핑㈜롯데엔터테인먼트,366,1614.867156,233.211,코미디,15세이상관람가,2012,10,4
497,어느날,"오퍼스픽쳐스(유),CGV아트하우스",532,1827.370582,232.016,멜로/로맨스,15세이상관람가,2017,4,2
498,폐가,(주)시너지하우스 (시너지),160,1611.889133,229.61,공포(호러),15세이상관람가,2010,8,3
499,순정,(주)리틀빅픽쳐스,467,1643.792033,229.059,드라마,12세이상관람가,2016,2,1
500,치즈인더트랩,(주)리틀빅픽쳐스,364,1890.8737,229.005,멜로/로맨스,15세이상관람가,2018,3,2
501,분노의 윤리학,롯데쇼핑㈜롯데엔터테인먼트,302,1654.5539999999999,224.891,스릴러,청소년관람불가,2013,2,1
502,마마,롯데쇼핑㈜롯데엔터테인먼트,269,1533.8305,222.731,드라마,12세이상관람가,2011,6,3
503,우리 집에 왜 왔니,롯데쇼핑㈜롯데엔터테인먼트,211,1427.488305,219.962,드라마,15세이상관람가,2009,4,2
504,1급기밀,(주)리틀빅픽쳐스,512,1720.0833,217.803,드라마,12세이상관람가,2018,1,1
505,나는 공무원이다,(주)넥스트엔터테인먼트월드(NEW),278,1535.9135,217.493,코미디,전체관람가,2012,7,3
506,속닥속닥,(주)그노스,314,1900.9143,217.444,공포(호러),15세이상관람가,2018,7,3
507,라듸오 데이즈,(주)싸이더스,254,1405.6760000000002,214.946,코미디,12세이상관람가,2008,1,1
508,"대한이, 민국씨",롯데쇼핑㈜롯데엔터테인먼트,174,1192.7105,212.854,코미디,15세이상관람가,2008,2,1
509,자칼이 온다,롯데쇼핑㈜롯데엔터테인먼트,300,1430.0795,210.278,코미디,15세이상관람가,2012,11,4
510,덕수리 5형제,롯데쇼핑㈜롯데엔터테인먼트,346,1560.1832,206.953,코미디,15세이상관람가,2014,12,1
511,코알라 키드 : 영웅의 탄생,롯데쇼핑㈜롯데엔터테인먼트,234,1434.5355,205.579,애니메이션,전체관람가,2012,1,1
512,비스트,(주)넥스트엔터테인먼트월드(NEW),737,1596.14859,202.007,범죄,15세이상관람가,2019,6,3
513,페스티발,(주)시너지하우스 (시너지),233,1541.834737,200.123,코미디,청소년관람불가,2010,11,4
514,도레미파솔라시도,(주)시네마서비스,167,1182.401,199.151,드라마,12세이상관람가,2008,4,2
515,어린 의뢰인,롯데컬처웍스(주)롯데엔터테인먼트,671,1631.9196,198.211,드라마,12세이상관람가,2019,5,2
516,언니,"(주)제이앤씨미디어그룹,TCO(주)더콘텐츠온",530,1746.37325,197.134,액션,청소년관람불가,2019,1,1
517,투혼,"(주)시너지하우스 (시너지),롯데쇼핑㈜롯데엔터테인먼트",356,1336.0105,193.724,드라마,전체관람가,2011,10,4
518,언더독,(주)넥스트엔터테인먼트월드(NEW),612,1485.9348300000001,193.484,애니메이션,전체관람가,2019,1,1
519,응징자,(주)인벤트스톤,305,1388.4125,192.347,액션,청소년관람불가,2013,10,4
520,런닝맨 : 풀룰루의 역습,(주)넥스트엔터테인먼트월드(NEW),511,1414.49475,186.324,애니메이션,전체관람가,2018,12,1
521,우상,CGV아트하우스,900,1581.839728,183.784,스릴러,15세이상관람가,2019,3,2
522,마이 리틀 히어로,씨제이이앤엠(주),341,1286.2031279999999,183.65,드라마,전체관람가,2013,1,1
523,아빠가 여자를 좋아해,(주)쇼박스,283,1264.3561550000002,177.535,멜로/로맨스,12세이상관람가,2010,1,1
524,채비,오퍼스픽쳐스(유),480,1249.977864,175.889,드라마,12세이상관람가,2017,11,4
525,톱스타,롯데쇼핑㈜롯데엔터테인먼트,397,1194.1805,175.152,드라마,15세이상관람가,2013,10,4
526,두번할까요,(주)리틀빅픽쳐스,658,1449.66012,174.938,코미디,15세이상관람가,2019,10,4
527,아빠를 빌려드립니다,"메가박스중앙(주)플러스엠,(주)레드로버",326,1188.6735,172.445,코미디,12세이상관람가,2014,11,4
528,자전차왕 엄복동,(주)셀트리온엔터테인먼트,624,1304.86167,172.212,드라마,12세이상관람가,2019,2,1
529,그랑프리,(주)싸이더스,235,1241.827441,170.446,드라마,12세이상관람가,2010,9,4
530,대배우,"(주)대명문화공장,(주)리틀빅픽쳐스",474,1245.426228,169.855,코미디,12세이상관람가,2016,3,2
531,노리개,(주)인벤트스톤,278,1229.5745,169.054,드라마,청소년관람불가,2013,4,2
532,나는 아빠다,롯데쇼핑㈜롯데엔터테인먼트,300,1246.4205,168.049,액션,청소년관람불가,2011,4,2
533,진범,(주)리틀빅픽쳐스,224,1424.601,167.333,스릴러,15세이상관람가,2019,7,3
534,무법자,(주)넥스트엔터테인먼트월드(NEW),192,1241.201107,163.334,드라마,청소년관람불가,2010,3,2
535,부산,(주)싸이더스,204,1185.9942800000001,160.741,액션,청소년관람불가,2009,10,4
536,최강전사 미니특공대 : 새로운 악당의 습격,에이원엔터테인먼트,318,1163.4312,154.342,애니메이션,전체관람가,2015,2,1
537,달빛궁궐,(주)넥스트엔터테인먼트월드(NEW),425,1134.6397,151.36,애니메이션,전체관람가,2016,9,4
538,로맨틱 아일랜드,실버스푼,208,1002.0692119999999,150.401,멜로/로맨스,15세이상관람가,2008,12,1
539,비정규직 특수요원,"(주)이수C&E,(주)스톰픽쳐스코리아",497,1150.7327,149.719,코미디,15세이상관람가,2017,3,2
540,워킹걸,메가박스중앙(주)플러스엠,308,1183.887479,149.181,코미디,청소년관람불가,2015,1,1
541,웨딩드레스,(주)싸이더스,183,1014.6362349999999,146.148,드라마,전체관람가,2010,1,1
542,펜트하우스 코끼리,(주)시너지하우스 (시너지),240,1087.284273,144.07,드라마,청소년관람불가,2009,11,4
543,은밀한 유혹,씨제이이앤엠(주),394,1112.4232470000002,142.405,멜로/로맨스,15세이상관람가,2015,6,3
544,키친,실버스푼,179,939.320372,142.336,멜로/로맨스,15세이상관람가,2009,2,1
545,극장판 또봇: 로봇군단의 습격,씨제이이앤엠(주),231,1089.1353,141.592,애니메이션,전체관람가,2017,4,2
546,나를 기억해,(주)키다리이엔티,545,1227.953892,140.849,미스터리,청소년관람불가,2018,4,2
547,독전: 익스텐디드 컷,(주)넥스트엔터테인먼트월드(NEW),398,844.7146,137.775,범죄,15세이상관람가,2018,7,3
548,0.0MHz,(주)스마일이엔티,446,1088.25886,137.294,공포(호러),15세이상관람가,2019,5,2
549,극장판 꼬마버스 타요의 에이스 구출작전,(주)아이코닉스,200,905.8999,135.398,애니메이션,전체관람가,2016,1,1
550,로마의 휴일,메가박스중앙(주)플러스엠,436,993.3211759999999,134.827,코미디,15세이상관람가,2017,8,3
551,나의 절친 악당들,이십세기폭스코리아(주),384,1054.4706640000002,133.553,범죄,청소년관람불가,2015,6,3
552,오늘,롯데쇼핑㈜롯데엔터테인먼트,207,712.814,131.896,드라마,15세이상관람가,2011,10,4
553,맨홀,롯데쇼핑㈜롯데엔터테인먼트,286,1053.87613,129.732,공포(호러),청소년관람불가,2014,10,4
554,구세주 2,씨제이엔터테인먼트,228,838.666517,127.226,코미디,15세이상관람가,2009,2,1
555,시간위의 집,"(주)리틀빅픽쳐스,(주)페퍼민트앤컴퍼니",454,987.9586,124.601,미스터리,15세이상관람가,2017,4,2
556,마법천자문: 대마왕의 부활을 막아라,씨제이엔터테인먼트,179,800.649684,123.538,애니메이션,전체관람가,2010,8,3
557,퇴마: 무녀굴,씨네그루(주)다우기술,331,951.8435,120.802,공포(호러),15세이상관람가,2015,8,3
558,최강전사 미니특공대: 영웅의 탄생,(주)삼지애니메이션,349,866.7042,115.704,애니메이션,전체관람가,2016,2,1
559,배우는 배우다,(주)넥스트엔터테인먼트월드(NEW),297,811.0310000000001,111.927,드라마,청소년관람불가,2013,10,4
560,걸프렌즈,(주)넥스트엔터테인먼트월드(NEW),244,787.235297,109.195,멜로/로맨스,15세이상관람가,2009,12,1
561,히트,(주)넥스트엔터테인먼트월드(NEW),171,771.0235,109.019,드라마,15세이상관람가,2011,10,4
562,허밍,롯데쇼핑㈜롯데엔터테인먼트,167,640.923,104.85,멜로/로맨스,12세이상관람가,2008,3,2
563,5백만불의 사나이,씨제이이앤엠(주),331,739.7895,104.736,코미디,15세이상관람가,2012,7,3
564,꿈은 이루어진다,씨제이엔터테인먼트,222,730.581233,103.627,코미디,15세이상관람가,2010,5,2
565,크게 될 놈,(주)영화사오원,447,780.91542,102.223,드라마,15세이상관람가,2019,4,2
566,루시드 드림,(주)넥스트엔터테인먼트월드(NEW),461,759.4810000000001,102.17,SF,15세이상관람가,2017,2,1
567,암전,TCO(주)더콘텐츠온,423,898.461215,101.913,미스터리,15세이상관람가,2019,8,3
568,바람,(주)싸이더스,120,726.32161,101.197,드라마,청소년관람불가,2009,11,4
569,게이트,(주)제이앤씨미디어그룹,208,820.7561,101.173,범죄,15세이상관람가,2018,2,1
570,돌연변이,필라멘트픽쳐스,399,748.936684,100.543,드라마,12세이상관람가,2015,10,4
571,미니특공대X,(주)삼지애니메이션,458,744.8582,99.952,애니메이션,전체관람가,2018,3,2
572,여중생A,롯데컬처웍스(주)롯데엔터테인먼트,479,811.686,97.849,드라마,12세이상관람가,2018,6,3
573,인류멸망 보고서,"롯데쇼핑㈜롯데엔터테인먼트,타임스토리그룹(주)",236,702.418,97.555,SF,15세이상관람가,2012,4,2
574,슈퍼 빼꼼: 스파이 대작전,메가박스중앙(주)플러스엠,358,691.7949,97.005,애니메이션,전체관람가,2017,5,2
575,천국의 우편배달부,씨제이엔터테인먼트,118,644.989646,96.137,멜로/로맨스,전체관람가,2009,11,4
576,577 프로젝트,필라멘트픽쳐스,191,695.7655,96.079,코미디,15세이상관람가,2012,8,3
577,기생령,롯데쇼핑㈜롯데엔터테인먼트,207,746.326,96.077,공포(호러),청소년관람불가,2011,8,3
578,걷기왕,CGV아트하우스,462,710.905075,95.542,드라마,12세이상관람가,2016,10,4
579,무서운 이야기 3 : 화성에서 온 소녀,롯데쇼핑㈜롯데엔터테인먼트,317,764.9675,95.415,공포(호러),15세이상관람가,2016,6,3
580,일사각오,파이오니아21,51,682.5815,94.767,드라마,12세이상관람가,2016,3,2
581,그 남자의 책 198쪽,(주)성원아이컴,220,575.174333,91.387,멜로/로맨스,12세이상관람가,2008,10,4
582,써니 감독판,씨제이이앤엠(주),54,698.5495,90.562,드라마,청소년관람불가,2011,7,3
583,그대 이름은 장미,(주)리틀빅픽쳐스,540,735.78297,88.054,코미디,12세이상관람가,2019,1,1
584,어린 왕자,롯데쇼핑㈜롯데엔터테인먼트,181,493.2925,84.015,드라마,12세이상관람가,2008,1,1
585,터널 3D,(주)박수엔터테인먼트,264,620.874,80.989,공포(호러),15세이상관람가,2014,8,3
586,쓰리 썸머 나잇,"(주)리틀빅픽쳐스,(주)인벤트스톤",297,616.132846,77.621,코미디,청소년관람불가,2015,7,3
587,엽기적인 그녀 2,(주)리틀빅픽쳐스,387,588.2339,76.321,멜로/로맨스,15세이상관람가,2016,5,2
588,회초리,롯데쇼핑㈜롯데엔터테인먼트,142,479.093,74.765,드라마,12세이상관람가,2011,5,2
589,외톨이,(주)성원아이컴,199,474.4935,74.282,공포(호러),15세이상관람가,2008,9,4
590,로맨틱 헤븐,(주)시네마서비스,260,542.7395,73.729,드라마,12세이상관람가,2011,3,2
591,정글히어로,씨제이이앤엠(주),287,506.1943,71.33,애니메이션,전체관람가,2014,10,4
592,번개맨,(주)키다리이엔티,393,516.7365,69.303,판타지,전체관람가,2016,2,1
593,4교시 추리영역,롯데쇼핑㈜롯데엔터테인먼트,170,464.636012,68.367,공포(호러),15세이상관람가,2009,8,3
594,닥터,(주)마인스 엔터테인먼트,163,495.5745,68.312,스릴러,청소년관람불가,2013,6,3
595,당신이 잠든 사이에,(주)엠플러스픽쳐스,164,448.1145,67.626,코미디,15세이상관람가,2008,8,3
596,여곡성,(주)스마일이엔티,212,594.3734,67.368,공포(호러),15세이상관람가,2018,11,4
597,극장판 반지의 비밀일기,"(주)영화사 빅,(주)버킷스튜디오",459,539.84317,67.319,애니메이션,전체관람가,2019,9,4
598,주문진,롯데쇼핑㈜롯데엔터테인먼트,93,378.21957599999996,67.167,드라마,12세이상관람가,2010,1,1
599,Mr.아이돌,"롯데쇼핑㈜롯데엔터테인먼트,(주)시너지하우스 (시너지)",311,467.9825,67.001,드라마,12세이상관람가,2011,11,4
600,올레,"(주)대명문화공장,(주)리틀빅픽쳐스",338,522.9389,66.883,드라마,15세이상관람가,2016,8,3
601,돌이킬 수 없는,㈜케이디미디어,205,472.97448499999996,65.414,미스터리,15세이상관람가,2010,11,4
602,"사랑한다, 사랑하지 않는다",(주)넥스트엔터테인먼트월드(NEW),80,498.3145,65.282,멜로/로맨스,15세이상관람가,2011,3,2
603,뷰티풀 투모로우,씨제이 씨지브이(CJ CGV)(주),47,552.2737,63.279,드라마,12세이상관람가,2017,10,4
604,헤드,(주)에스비에스콘텐츠허브,196,462.025,61.414,액션,청소년관람불가,2011,5,2
605,결정적 한방,(주)화앤담이엔티,160,439.4,60.944,코미디,15세이상관람가,2011,12,1
606,두 남자,(주)키다리이엔티,397,459.566121,60.365,범죄,청소년관람불가,2016,11,4
607,번개맨과 신비의 섬,"힘컨텐츠(주),(주)디스테이션",191,481.4747,59.923,가족,전체관람가,2018,4,2
608,흑심모녀,(주)쇼박스,177,386.36199999999997,59.624,가족,12세이상관람가,2008,6,3
609,달빛 길어올리기,"(주)쇼박스,씨제이이앤엠(주),롯데쇼핑㈜롯데엔터테인먼트",128,362.535,57.186,드라마,15세이상관람가,2011,3,2
610,극장판 프랭키와 친구들: 생명의 나무,예지림엔터테인먼트,258,410.5186,56.835,애니메이션,전체관람가,2016,4,2
611,빅뱅 메이드,씨제이 씨지브이(CJ CGV)(주),56,464.7277,55.227,다큐멘터리,12세이상관람가,2016,6,3
612,내 눈에 콩깍지,씨제이엔터테인먼트,128,405.424788,55.132,멜로/로맨스,12세이상관람가,2009,11,4
613,잡아야 산다,오퍼스픽쳐스(유),219,410.3614,54.45,코미디,15세이상관람가,2016,1,1
614,왓칭,(주)리틀빅픽쳐스,488,456.558262,54.41,공포(호러),15세이상관람가,2019,4,2
615,머니백,(주)리틀빅픽쳐스,472,411.5116,52.618,액션,15세이상관람가,2018,4,2
616,폭풍전야,(주)성원아이컴,134,393.50120699999997,52.597,드라마,청소년관람불가,2010,4,2
617,미안해 사랑해 고마워,(주)쇼박스,344,359.2478,51.207,드라마,15세이상관람가,2015,10,4
618,서울이 보이냐,(주)시네마서비스,125,309.567,50.956,가족,전체관람가,2008,5,2
619,젝스키스 에이틴,씨제이 씨지브이(CJ CGV)(주),25,364.4055,50.419,다큐멘터리,전체관람가,2018,1,1
620,비밀,CGV아트하우스,305,369.3393,50.196,미스터리,15세이상관람가,2015,10,4
621,번개맨의 비밀,(주)디스테이션,309,383.52105,49.751,가족,전체관람가,2018,12,1
622,더 킥,(주)쇼박스,153,331.2875,48.396,액션,12세이상관람가,2011,11,4
623,데자뷰,(주)키다리이엔티,536,360.8331,48.279,미스터리,15세이상관람가,2018,5,2
624,잘못된 만남,토이 엔터테인먼트,132,308.89799999999997,47.557,드라마,15세이상관람가,2008,7,3
625,목숨 건 연애,오퍼스픽쳐스(유),393,359.7128,47.479,멜로/로맨스,15세이상관람가,2016,12,1
626,뜨거운 안녕,(주)나이너스엔터테인먼트,172,315.291,47.105,드라마,12세이상관람가,2013,5,2
627,비밥바룰라,(주)키다리이엔티,347,318.9862,46.817,코미디,12세이상관람가,2018,1,1
628,"그래, 가족",월트디즈니컴퍼니코리아 유한책임회사,361,350.2933,46.623,코미디,12세이상관람가,2017,2,1
629,된장,"씨제이엔터테인먼트,GV 엔터테인먼트",112,339.506355,45.896,미스터리,12세이상관람가,2010,10,4
630,설계,(주)팝엔터테인먼트,257,347.1888,45.638,스릴러,청소년관람불가,2014,9,4
631,미운오리새끼,롯데쇼핑㈜롯데엔터테인먼트,167,308.0095,45.454,드라마,15세이상관람가,2012,8,3
632,스페어,(주)필름더데이즈,62,299.70099999999996,45.29,액션,15세이상관람가,2008,8,3
633,혈투,(주)싸이더스,169,329.28,43.947,액션,15세이상관람가,2011,2,1
634,약장수,"(주)대명문화공장,(주)나이너스엔터테인먼트",282,313.2384,43.562,드라마,15세이상관람가,2015,4,2
635,극장판 뽀잉: 슈퍼 변신의 비밀,"(주)이수C&E,(주)시너지미디어",294,312.71045,41.054,애니메이션,전체관람가,2018,9,4
636,배반의 장미,롯데컬처웍스(주)롯데엔터테인먼트,457,332.23255,41.054,코미디,15세이상관람가,2018,10,4
637,레이디버그,(주)삼지애니메이션,172,310.2915,41.041,애니메이션,전체관람가,2017,2,1
638,인피니트 콘서트 세컨드 인베이전 에볼루션 더 무비 3D,골든타이드픽처스(주),84,412.379,39.577,공연,전체관람가,2012,10,4
639,트릭,"(주)스톰픽쳐스코리아,(주)이수C&E",390,297.3153,38.155,스릴러,15세이상관람가,2016,7,3
640,백프로,(주)마인스 엔터테인먼트,236,275.1386,36.792,코미디,15세이상관람가,2014,4,2
641,에스엠타운 더 스테이지,주식회사 디에스이이디,65,284.6505,35.857,다큐멘터리,전체관람가,2015,8,3
642,지구대표 롤링스타즈,롯데쇼핑㈜롯데엔터테인먼트,171,230.047,35.578,애니메이션,전체관람가,2011,3,2
643,스파키,예지림엔터테인먼트,312,257.0402,35.436,애니메이션,전체관람가,2018,4,2
644,복숭아나무,(주)넥스트엔터테인먼트월드(NEW),201,240.103112,33.884,멜로/로맨스,15세이상관람가,2012,10,4
645,I AM,씨제이이앤엠(주),137,245.58,32.988,다큐멘터리,전체관람가,2012,6,3
646,19-Nineteen,씨제이엔터테인먼트,69,212.29387400000002,32.986,드라마,12세이상관람가,2009,11,4
647,대결,"(주)스톰픽쳐스코리아,TCO(주)더콘텐츠온",366,251.1765,32.278,액션,15세이상관람가,2016,9,4
648,썬키스 패밀리,메가박스중앙(주)플러스엠,417,245.5499,31.742,가족,15세이상관람가,2019,3,2
649,꼭두각시,(주)인벤트스톤,134,227.9415,31.713,공포(호러),청소년관람불가,2013,6,3
650,날나리 종부전,롯데쇼핑㈜롯데엔터테인먼트,162,181.261,31.522,코미디,12세이상관람가,2008,5,2
651,역모-반란의 시대,(주)스톰픽쳐스코리아,355,212.9673,29.294,사극,15세이상관람가,2017,11,4
652,비상,(주)성원아이컴,160,223.31437999999997,29.223,액션,청소년관람불가,2009,12,1
653,캐리tv 러브콘서트 더 무비,롯데컬처웍스(주)롯데엔터테인먼트,155,225.8157,28.679,공연,전체관람가,2019,8,3
654,무림여대생,"(주)베어엔터테인먼트,(주)프라임엔터테인먼트",205,176.5475,28.019,멜로/로맨스,15세이상관람가,2008,6,3
655,인천상륙작전 : 익스텐디드 에디션(확장판),씨제이이앤엠(주),122,220.0512,27.07,전쟁,15세이상관람가,2016,9,4
656,해피 투게더,플레이리스트(주),240,204.45245,27.046,드라마,12세이상관람가,2018,11,4
657,4요일: 자살을 부르는 요일,메가픽쳐스제이씨(주),131,182.233,26.84,공포(호러),청소년관람불가,2008,12,1
658,더 데이,롯데쇼핑㈜롯데시네마,30,192.005,24.163,다큐멘터리,전체관람가,2012,2,1
659,GROW: 인피니트의 리얼 청춘 라이프,골든타이드픽처스(주),71,189.7742,23.926,드라마,전체관람가,2014,12,1
660,고스트 메신저 극장판,에이원엔터테인먼트,81,184.033,23.721,애니메이션,12세이상관람가,2014,5,2
661,얼굴없는 보스,"(주)좋은 하늘,(주)박수엔터테인먼트",293,199.801,23.711,액션,15세이상관람가,2019,11,4
662,사요나라 이츠카,씨제이엔터테인먼트,31,181.970548,23.605,드라마,청소년관람불가,2010,4,2
663,비정한 도시 감독판,(주)인벤트스톤,172,161.959057,22.9,미스터리,청소년관람불가,2012,10,4
664,"봄, 눈",(주)넥스트엔터테인먼트월드(NEW),118,143.518,22.87,드라마,전체관람가,2012,4,2
665,히어로,(주)마인스 엔터테인먼트,179,148.94,22.617,가족,전체관람가,2013,10,4
666,파워배틀 와치카: 와치가면의 역습,(주)삼지애니메이션,246,153.909,22.11,애니메이션,전체관람가,2017,6,3
667,터닝메카드W: 반다인의 비밀 특별판,"(주)제이앤씨미디어그룹,(주)버킷스튜디오",168,164.7977,21.947,애니메이션,전체관람가,2018,2,1
668,히야,(주)라이크 콘텐츠,124,173.8441,21.687,드라마,12세이상관람가,2016,3,2
669,싸이보그 그녀,(주)넥스트엔터테인먼트월드(NEW),112,138.41503799999998,20.975,코미디,12세이상관람가,2009,5,2
670,극장판 뛰뛰빵빵 구조대 미션: 둥둥이를 구하라!,메가박스중앙(주)플러스엠,91,133.9268,20.175,애니메이션,전체관람가,2014,8,3
671,완전 소중한 사랑,주식회사 마운틴픽쳐스,66,127.6945,20.063,드라마,12세이상관람가,2013,11,4
672,웨딩스캔들,(주)마인스 엔터테인먼트,121,124.977,19.569,코미디,15세이상관람가,2012,9,4
673,방울토마토,"무비즈엔터테인먼트㈜,(주)씨네라가픽쳐스",83,115.38799999999999,18.533,가족,12세이상관람가,2008,5,2
674,트와이스랜드,씨제이 씨지브이(CJ CGV)(주),53,153.765,18.252,다큐멘터리,전체관람가,2018,12,1
675,하늘과 바다,롯데쇼핑㈜롯데엔터테인먼트,186,121.651444,18.059,드라마,12세이상관람가,2009,10,4
676,이별계약,씨제이이앤엠(주),63,127.4955,17.797,멜로/로맨스,12세이상관람가,2013,6,3
677,비스트 앵콜 콘서트 3D,(주)에스비에스콘텐츠허브,75,171.43200000000002,16.844,공연,전체관람가,2012,2,1
678,극장판 샤이닝스타:새로운 루나퀸의 탄생!,(주)리틀빅픽쳐스,117,129.0987,15.785,애니메이션,전체관람가,2019,7,3
679,볼츠와 블립,씨제이이앤엠(주),61,161.329,15.386,애니메이션,전체관람가,2012,2,1
680,무수단,오퍼스픽쳐스(유),228,112.1884,14.386,미스터리,15세이상관람가,2016,3,2
681,아티스트 봉만대,씨너스엔터테인먼트(주),131,93.81700000000001,14.188,코미디,청소년관람불가,2013,8,3
682,귀 鬼,씨제이엔터테인먼트,30,96.385308,13.319,공포(호러),15세이상관람가,2010,6,3
683,웃는남자 감독판,(주)디지컴코리아엠앤엠,18,172.34099999999998,13.087,공연,전체관람가,2019,11,4
684,서유기 리턴즈,(주)영화사 조제,59,80.194,12.696,코미디,전체관람가,2011,2,1
685,타투,와이드 릴리즈(주),133,99.2631,12.103,스릴러,청소년관람불가,2015,12,1
686,맨데이트: 신이 주신 임무,메가픽쳐스제이씨(주),84,78.616,12.087,스릴러,청소년관람불가,2008,10,4
687,검은손,(주)스톰픽쳐스코리아,178,89.815665,11.65,공포(호러),청소년관람불가,2015,4,2
688,최종병기 활 감독확장판,롯데쇼핑㈜롯데엔터테인먼트,52,86.374,11.547,사극,청소년관람불가,2011,10,4
689,이웃집 스타,(주)스톰픽쳐스코리아,256,78.2133,10.854,코미디,12세이상관람가,2017,9,4
690,제 7기사단,메가박스중앙(주)플러스엠,95,80.160964,10.71,액션,15세이상관람가,2015,9,4
691,내 남자의 순이,(주)새인컴퍼니,100,74.27465699999999,10.618,코미디,15세이상관람가,2010,5,2
692,슈퍼레이서 엔지,(주)에이원엔터테인먼트,126,73.5878,10.612,애니메이션,전체관람가,2015,9,4
693,샤인 어 라이트(1st 지드래곤 콘서트),(주)와이지엔터테인먼트,14,92.618161,10.516,다큐멘터리,12세이상관람가,2010,4,2
694,폴라로이드,와이드 릴리즈(주),27,65.317,10.094,드라마,전체관람가,2015,7,3
695,신화 라이브 3D 더 레전드 컨티뉴스,골든타이드픽처스(주),29,114.524,9.817,공연,전체관람가,2014,12,1
696,메이크 유어 무브,씨제이이앤엠(주),96,73.7416,9.368,멜로/로맨스,12세이상관람가,2014,4,2
697,불타는 내 마음,씨제이 씨지브이(CJ CGV)(주),34,70.470428,9.236,코미디,15세이상관람가,2010,3,2
698,노트르담 드 파리,(주)패뷸러스,36,107.2895,8.35,뮤지컬,전체관람가,2017,11,4
699,원 오브 어 카인드 3D ; G-DRAGON 2013 1ST WORLD TOUR,골든타이드픽처스(주),39,90.7525,8.038,공연,전체관람가,2013,10,4
700,"의궤, 8일간의 축제 3D","케이비에스미디어(주),KBS 미디어",16,45.333999999999996,7.956,다큐멘터리,전체관람가,2014,4,2
701,사랑과 전쟁:열두 번째 남자,롯데쇼핑㈜롯데시네마,37,47.05,7.414,드라마,청소년관람불가,2008,9,4
702,꾸루꾸루와 친구들: 무지개 나무의 비밀,(주)팝엔터테인먼트,103,51.3675,7.345,애니메이션,전체관람가,2015,11,4
703,청춘 합창단 - 또 하나의 꿈,와이드 릴리즈(주),39,44.7114,6.489,다큐멘터리,전체관람가,2017,6,3
704,요술,씨제이엔터테인먼트,33,47.032133,6.09,드라마,15세이상관람가,2010,6,3
705,해적왕 작스톰,(주)삼지애니메이션,65,45.9058,5.916,애니메이션,전체관람가,2018,7,3
706,서태지밴드 콘서트투어 '콰이어트나이트',(주)서태지컴퍼니,6,52.6696,5.908,공연,전체관람가,2015,11,4
707,비밀의 화방,(주)케이알씨지,5,4.13,5.53,드라마,청소년관람불가,2013,12,1
708,스퀴시랜드,(주)인벤트스톤,55,38.1113,5.473,애니메이션,전체관람가,2014,6,3
709,구세주: 리턴즈,(주)박수엔터테인먼트,124,39.997,5.401,코미디,15세이상관람가,2017,9,4
710,서태지 8집: 398일의 기록,(주)서태지컴퍼니,1,43.7545,5.326,다큐멘터리,전체관람가,2012,7,3
711,돌아와요 부산항애(愛),"(주)나이너스엔터테인먼트,주식회사 시온픽쳐스",88,38.6223,5.163,범죄,15세이상관람가,2018,1,1
712,붉은 바캉스 검은 웨딩 2,(주)팝파트너스,20,10.5,5.1,스릴러,청소년관람불가,2013,11,4
713,화려한 외출,(주)영화사폴,20,13.547,5.067,드라마,청소년관람불가,2013,12,1
714,바캉스,(주)유비네트워크,21,14.674000000000001,5.051,스릴러,청소년관람불가,2013,10,4
715,미안하다 독도야,메가픽쳐스제이씨(주),61,30.177543,4.989,다큐멘터리,전체관람가,2008,12,1
716,밀애,(주)레몬트리픽쳐스,19,16.206,4.77,드라마,청소년관람불가,2014,7,3
717,은밀하게 위대하게 (확장판),(주)쇼박스,5,34.3275,4.738,액션,15세이상관람가,2013,8,3
718,트라이앵글,씨제이엔터테인먼트,54,34.225859,4.555,드라마,전체관람가,2009,11,4
719,왕을 참하라,(주)박수엔터테인먼트,54,32.4698,4.237,드라마,청소년관람불가,2017,3,2
720,야누스: 욕망의 두 얼굴,(주)미디어데이,20,20.192999999999998,4.122,미스터리,청소년관람불가,2014,8,3
721,2AM SHOW,에스케이텔레콤(주),27,46.24406,4.085,공연,전체관람가,2010,12,1
722,"1789, 바스티유의 연인들",유니버설픽쳐스인터내셔널 코리아(유),35,67.3085,3.892,뮤지컬,전체관람가,2014,9,4
723,초감각 커플,필름메신저,6,24.64613,3.733,멜로/로맨스,12세이상관람가,2008,11,4
724,미스체인지,브릿지웍스 엔터테인먼트(주),41,23.4945,3.344,코미디,청소년관람불가,2013,9,4
725,공포체험단 곤지암편,(주)쇼박스,10,17.2855,3.282,공포(호러),15세이상관람가,2019,7,3
726,무명인,롯데쇼핑㈜롯데엔터테인먼트,51,25.0636,3.199,미스터리,15세이상관람가,2014,5,2
727,미친도시,영화사 마그나,4,24.0295,3.165,드라마,15세이상관람가,2018,8,3
728,마마 앤드 파파,주식회사 케이엠스타,1,22.468773000000002,3.149,드라마,전체관람가,2010,5,2
729,리벤져,(주)리틀빅픽쳐스,57,22.0881,3.028,액션,15세이상관람가,2018,12,1
730,광인옥한흠,파이오니아21,18,22.5372,2.985,다큐멘터리,전체관람가,2017,12,1
731,라이브 인 3D 휘성 : 잇츠 리얼,에스케이텔레콤(주),30,40.389134000000006,2.967,다큐멘터리,전체관람가,2010,9,4
732,살인자의 기억법 : 새로운 기억,(주)쇼박스,24,19.563,2.958,범죄,청소년관람불가,2017,11,4
733,이티피 페스티벌 08X09 서태지,(주)서태지컴퍼니,1,26.631999999999998,2.764,공연,전체관람가,2013,5,2
734,슈퍼쇼 4 3D,(주)마인스 엔터테인먼트,26,30.331999999999997,2.567,공연,전체관람가,2013,8,3
735,노리개: 그녀의 눈물,(주)제이앤씨미디어그룹,50,18.96195,2.237,드라마,15세이상관람가,2019,6,3
736,쉿! 그녀에겐 비밀이에요,(주)스튜디오이쩜영,32,12.929,2.083,드라마,12세이상관람가,2008,9,4
737,몬테크리스토,(주)비프로,14,26.166999999999998,2.056,뮤지컬,12세이상관람가,2019,11,4
738,파파 오랑후탄,파이오니아21,3,14.655,1.951,다큐멘터리,12세이상관람가,2018,4,2
739,은어,(주)갑종무비필름,1,15.241,1.944,멜로/로맨스,15세이상관람가,2011,9,4
740,라라,(주)영화사 그램,28,14.7988,1.86,멜로/로맨스,15세이상관람가,2018,2,1
741,에스엠타운 라이브인도쿄스페셜에디션3D,(주)에스비에스콘텐츠허브,63,18.13,1.652,공연,전체관람가,2012,10,4
742,히어로,주식회사 마운틴픽쳐스,2,13.661494,1.589,드라마,15세이상관람가,2010,11,4
743,오늘도 위위,(주)영화사오원,40,11.681460000000001,1.416,드라마,전체관람가,2019,10,4
744,나는 증인이다,(주)문와쳐,2,7.1138,1.407,미스터리,15세이상관람가,2016,9,4
745,게이트-완결판,(주)제이앤씨미디어그룹,5,1.348,1.339,범죄,15세이상관람가,2018,6,3
746,평범한 날들,㈜인디스토리,10,9.8464,1.29,드라마,15세이상관람가,2011,9,4
747,더하우스,(주)이놀미디어,48,7.631,1.245,스릴러,15세이상관람가,2019,12,1
748,"시발, 놈: 인류의 시작",(주)엣나인필름,10,8.8024,1.159,코미디,15세이상관람가,2016,8,3
749,안나 카레니나,(주)비프로,9,19.6328,1.116,뮤지컬,12세이상관람가,2018,6,3
750,무서운 집,(주)콘텐츠윙,1,9.371,1.039,공포(호러),12세이상관람가,2015,7,3
751,아더왕의 전설,(주)패뷸러스,5,15.299000000000001,0.967,공연,전체관람가,2016,11,4
752,압록강은 흐른다,주식회사 루믹스미디어,1,3.397814,0.806,드라마,전체관람가,2009,6,3
753,앙상블,길스토리,1,6.1955,0.776,드라마,전체관람가,2014,12,1
754,예스 평창!,시네마 뉴원,11,6.5308,0.774,다큐멘터리,전체관람가,2018,3,2
755,귀신의 향기,(주)스튜디오후크,17,5.2955,0.748,공포(호러),15세이상관람가,2019,7,3
756,아름다운 유산,제나두엔터테인먼트,3,3.3975,0.678,드라마,전체관람가,2011,4,2
757,오디세오,(주)패뷸러스,8,9.88,0.662,공연,전체관람가,2015,10,4
758,정의심판,프로젝트 엔터테인먼트,2,5.772,0.652,드라마,15세이상관람가,2019,10,4
759,스타: 빛나는 사랑,주식회사 마운틴픽쳐스,5,4.382,0.577,멜로/로맨스,12세이상관람가,2012,10,4
760,돌멩이의 꿈,씨제이엔터테인먼트,10,3.612168,0.521,드라마,12세이상관람가,2009,12,1
761,마지막 위안부,(주)투윈미디어,1,4.172,0.49,드라마,15세이상관람가,2015,8,3
762,젓가락,씨제이엔터테인먼트,11,3.4867440000000003,0.488,코미디,15세이상관람가,2010,10,4
763,낙원-파라다이스,씨제이엔터테인먼트,11,3.523191,0.472,멜로/로맨스,12세이상관람가,2009,11,4
764,첫사랑 열전,웃기씨네,1,2.666871,0.415,멜로/로맨스,15세이상관람가,2010,5,2
765,인비져블 2: 귀신소리찾기,㈜인디스토리,4,2.046,0.408,공포(호러),15세이상관람가,2011,1,1
766,아스라이,㈜인디스토리,1,2.3045,0.373,드라마,12세이상관람가,2008,1,1
767,마지막 밥상,"㈜기억속의매미,독립영화전용관 인디스페이스",1,2.41,0.372,드라마,18세관람가,2008,4,2
768,호두까기 인형,(주)패뷸러스,1,1.4880000000000002,0.372,공연,전체관람가,2014,12,1
769,결혼식 후에,씨제이엔터테인먼트,9,2.5409040000000003,0.347,멜로/로맨스,12세이상관람가,2009,12,1
770,사랑하기 때문에,(주)넥스트엔터테인먼트월드(NEW),542,1.723,0.337,코미디,12세이상관람가,2017,1,1
771,동자 대소동,(주)H.F.G엔터테인먼트,10,2.154,0.319,가족,전체관람가,2011,1,1
772,풍뎅이뎅이,(주)콘텐츠판다,4,2.001,0.308,애니메이션,전체관람가,2018,2,1
773,약수터 부르스,롯데쇼핑㈜롯데시네마,3,2.1263509999999997,0.305,코미디,15세이상관람가,2009,11,4
774,다이빙벨: 진실은 침몰하지 않습니다,(주)시네마달,4,2.209,0.3,다큐멘터리,15세이상관람가,2015,4,2
775,스피릿 오브 베토벤,(주)아르떼,1,1.1640000000000001,0.291,공연,전체관람가,2014,12,1
776,핑크 토끼,한코리아,3,1.575805,0.265,드라마,15세이상관람가,2009,8,3
777,아빠가 돌아왔다,(유)조이앤시네마,1,1.45,0.22,가족,15세이상관람가,2016,5,2
778,사랑을 말하다,크리에이티브컴즈(주),2,0.94,0.188,드라마,15세이상관람가,2012,9,4
779,분홍돌고래,(주)씨네마루,1,1.152088,0.175,드라마,12세이상관람가,2010,7,3
780,스물 아홉살,씨엔티테크(주),1,1.3559999999999999,0.166,드라마,12세이상관람가,2011,3,2
781,폐교,(주)유비네트워크,20,0.6703,0.113,공포(호러),15세이상관람가,2019,9,4
782,미스터좀비,주식회사 마운틴픽쳐스,2,0.6629079999999999,0.105,코미디,15세이상관람가,2010,8,3
783,유신의 미학,마그넷 엔터테인먼터,1,0.7390000000000001,0.093,드라마,15세이상관람가,2015,12,1
784,"60년전, 사선에서",(주)인터콘미디어,2,0.596363,0.08,다큐멘터리,전체관람가,2010,6,3
785,"불의 날, 생명을 말하다",크리에이티브컴즈(주),1,0.568,0.071,다큐멘터리,전체관람가,2016,4,2
786,한민족 그리고 조선족,크리에이티브컴즈(주),1,0.568,0.071,다큐멘터리,전체관람가,2014,12,1
787,외계인들,(주)엘케이픽쳐스,1,0.27,0.054,코미디,15세이상관람가,2014,12,1
788,이상한 게임,디자인 콘텐츠,1,0.324,0.054,미스터리,15세이상관람가,2019,6,3
789,콩쥐별전 - 전주성의 비밀,유한회사 올빼미하우스,1,0.21899999999999997,0.052,애니메이션,전체관람가,2019,7,3
790,나의 불행에는 이유가 있다,"시네마루,위드시네마",1,0.27868200000000004,0.047,드라마,15세이상관람가,2010,11,4
791,소중한 날의 꿈 감독판,에이원엔터테인먼트,1,0.075,0.015,애니메이션,전체관람가,2011,11,4
792,악녀의 시,노바엔터테인먼트,5,0.12300000000000001,0.014,범죄,15세이상관람가,2016,2,1
793,죽기 전에 해야할 몇가지 것들,(주)이모션픽처스,1,0.025278,0.004,드라마,12세이상관람가,2009,7,3
794,킬 미,(주)싸이더스,172,390.480657,51.304,멜로/로맨스,청소년관람불가,2009,11,4
795,나탈리,롯데쇼핑㈜롯데엔터테인먼트,196,1131.832453,96.41,멜로/로맨스,청소년관람불가,2010,10,4
796,두 여자,씨제이엔터테인먼트,211,981.545863,131.415,멜로/로맨스,청소년관람불가,2010,11,4
797,비밀애,(주)시너지하우스 (시너지),275,1227.023002,167.132,멜로/로맨스,청소년관람불가,2010,3,2
798,위험한 관계,씨제이이앤엠(주),334,2122.6662300000003,298.086,멜로/로맨스,청소년관람불가,2012,10,4
799,가시,(주)인벤트스톤,356,1094.017,141.956,멜로/로맨스,청소년관람불가,2014,4,2
800,연애의 맛,"(주)와우픽쳐스,(주)쇼박스",398,1706.805153,212.154,멜로/로맨스,청소년관람불가,2015,5,2
801,백야행,(주)시네마서비스,398,7170.684217,956.767,멜로/로맨스,청소년관람불가,2009,11,4
802,아내가 결혼했다,씨제이엔터테인먼트,414,11995.855,1788.748,멜로/로맨스,청소년관람불가,2008,10,4
803,극적인 하룻밤,CGV아트하우스,434,2610.929429,320.923,멜로/로맨스,청소년관람불가,2015,12,1
804,남과 여,(주)쇼박스,449,1651.122533,203.775,멜로/로맨스,청소년관람불가,2016,2,1
805,무뢰한,CGV아트하우스,482,3262.087431,414.626,멜로/로맨스,청소년관람불가,2015,5,2
806,은교,롯데쇼핑㈜롯데엔터테인먼트,521,9917.728000000001,1346.274,멜로/로맨스,청소년관람불가,2012,4,2
807,마담 뺑덕,씨제이이앤엠(주),536,3685.8825899999997,465.749,멜로/로맨스,청소년관람불가,2014,10,4
808,나의 PS 파트너,씨제이이앤엠(주),552,13845.218616,1823.116,멜로/로맨스,청소년관람불가,2012,12,1
809,연애의 온도,롯데쇼핑㈜롯데엔터테인먼트,567,13798.864446000001,1865.195,멜로/로맨스,청소년관람불가,2013,3,2
810,인간중독,(주)넥스트엔터테인먼트월드(NEW),682,11284.7874,1441.964,멜로/로맨스,청소년관람불가,2014,5,2
