,이경영,정인기,마동석,배성우,오달수,라미란,조진웅,김기천,한이진,오정세,영화명
0,0,0,0,0,0,0,1,0,1,0,명량
1,0,1,0,0,0,0,0,0,0,1,극한직업
2,1,0,1,0,1,0,0,0,0,0,신과함께-죄와 벌
3,0,0,0,0,1,1,0,0,0,0,국제시장
4,0,0,1,1,1,0,0,1,0,0,베테랑
5,0,0,0,0,1,0,0,0,0,0,도둑들
6,0,0,0,0,1,0,0,1,1,0,7번방의 선물
7,1,0,0,0,1,0,1,0,0,0,암살
8,0,0,0,0,0,0,0,0,1,0,"광해, 왕이 된 남자"
9,0,0,1,0,0,0,0,0,0,0,신과함께-인과 연
10,0,0,0,0,0,0,0,0,1,0,택시운전사
11,0,0,1,0,0,0,0,0,0,0,부산행
12,0,0,0,0,0,0,0,0,0,0,해운대
13,0,0,0,0,1,0,0,0,0,0,변호인
14,0,0,0,0,0,0,0,0,0,0,기생충
15,0,0,0,0,0,0,0,0,0,0,검사외전
16,0,0,0,0,0,0,0,0,0,0,엑시트
17,0,0,0,0,0,0,0,0,0,0,관상
18,0,0,0,0,0,0,0,0,0,0,설국열차
19,0,1,0,0,0,0,0,0,0,0,수상한 그녀
20,1,0,0,0,1,0,0,0,0,0,해적: 바다로 간 산적
21,0,0,0,0,0,0,0,0,0,0,국가대표
22,0,0,0,0,0,0,0,0,0,0,과속스캔들
23,0,0,0,0,0,1,0,0,0,0,히말라야
24,0,0,0,0,0,0,0,0,0,0,밀정
25,1,0,0,0,0,0,0,0,0,0,최종병기 활
26,0,0,0,0,0,0,0,0,0,0,써니
27,0,1,0,0,0,0,0,0,0,0,1987
28,1,0,0,0,0,0,0,0,0,0,베를린
29,0,0,0,0,1,0,0,0,0,0,터널
30,1,0,0,1,0,0,0,0,0,0,내부자들
31,0,0,0,0,0,0,0,0,0,0,인천상륙작전
32,0,0,0,0,0,0,0,0,0,0,럭키
33,0,0,0,0,0,0,0,0,0,0,은밀하게 위대하게
34,0,0,0,0,0,0,0,1,0,0,곡성
35,0,1,1,0,0,0,0,0,0,0,범죄도시
36,0,0,0,0,1,0,0,0,0,0,"좋은 놈, 나쁜 놈, 이상한 놈"
37,0,0,0,0,0,0,0,0,0,0,늑대소년
38,1,0,0,0,0,0,0,0,0,0,군함도
39,1,0,1,0,0,0,0,0,0,0,백두산
40,0,0,0,0,0,0,0,0,0,0,아저씨
41,0,0,0,0,0,0,0,0,0,0,사도
42,0,1,0,0,0,0,0,1,0,0,전우치
43,0,0,0,0,0,0,0,0,1,0,연평해전
44,0,0,0,0,0,0,0,0,0,0,청년경찰
45,0,0,0,0,0,0,0,0,0,0,숨바꼭질
46,0,0,0,0,0,1,0,1,0,0,덕혜옹주
47,1,0,0,0,0,0,0,0,0,0,더 테러 라이브
48,0,1,0,0,0,0,0,0,0,0,의형제
49,0,0,0,0,0,0,0,0,0,0,감시자들
50,0,0,0,0,0,0,0,0,0,0,검은 사제들
51,0,0,0,1,0,0,0,0,0,0,안시성
52,0,0,0,0,0,0,0,0,0,0,완득이
53,0,0,0,0,0,0,1,0,0,0,완벽한 타인
54,0,1,0,0,0,0,0,0,0,0,타워
55,0,0,0,0,0,0,0,0,0,0,추격자
56,0,0,0,0,0,0,1,0,0,0,독전
57,0,0,0,0,0,0,1,0,0,0,공작
58,0,0,0,0,1,0,0,0,0,0,마스터
59,0,0,0,0,0,0,0,0,0,0,바람과 함께 사라지다
60,0,1,0,0,1,0,0,0,0,0,조선명탐정 : 각시투구꽃의 비밀
61,0,0,0,0,0,0,0,0,0,0,봉오동 전투
62,1,0,1,0,0,0,1,0,0,0,군도: 민란의 시대
63,0,0,1,0,0,0,1,0,0,0,범죄와의 전쟁: 나쁜놈들 전성시대
64,1,0,0,0,0,0,0,0,0,0,신세계
65,0,0,0,0,0,0,0,0,0,0,도가니
66,0,0,0,0,0,0,0,0,1,0,내 아내의 모든 것
67,0,0,1,0,0,0,0,0,0,0,나쁜 녀석들: 더 무비
68,0,1,0,0,0,0,0,0,0,0,연가시
69,1,0,0,0,0,0,0,0,0,0,강철비
70,1,0,0,0,0,0,0,0,0,0,판도라
71,0,0,0,0,0,0,0,0,0,0,강철중: 공공의 적 1-1
72,0,0,0,0,0,0,1,0,0,0,아가씨
73,0,0,0,0,0,0,0,0,0,0,용의자
74,0,0,0,0,0,0,0,0,0,0,건축학개론
75,0,0,0,0,0,0,0,0,0,0,7급 공무원
76,0,0,0,0,0,1,0,0,0,0,댄싱퀸
77,0,0,0,0,0,0,0,0,0,0,우리 생애 최고의 순간
78,0,0,0,1,0,0,0,0,0,0,꾼
79,1,0,0,0,0,0,0,0,0,1,타짜-신의 손
80,0,0,0,0,0,0,0,0,0,0,박수건달
81,0,0,0,0,1,0,0,0,0,0,조선명탐정 : 사라진 놉의 딸
82,0,0,0,0,0,0,0,0,0,0,역린
83,0,0,0,0,0,0,0,0,0,0,남한산성
84,0,0,0,0,0,0,0,0,0,0,쌍화점
85,0,0,0,0,0,0,0,0,0,0,암수살인
86,0,0,0,0,0,0,0,0,1,0,국가부도의 날
87,0,0,0,0,0,0,0,0,0,0,신기전
88,0,0,0,0,0,0,0,0,0,0,82년생 김지영
89,0,1,0,0,0,0,0,0,0,0,귀향
90,0,0,0,0,0,0,0,0,0,0,신의 한 수
91,0,0,0,0,0,0,0,0,0,0,부러진 화살
92,0,0,0,0,0,0,1,0,0,0,끝까지 간다
93,0,1,0,0,0,1,0,0,1,0,스파이
94,0,0,0,0,0,0,0,0,0,0,그것만이 내 세상
95,0,0,0,0,0,0,0,0,0,0,이끼
96,0,0,0,0,0,0,0,0,0,0,돈
97,0,0,0,0,0,0,0,0,0,0,포화속으로
98,0,0,1,0,0,0,0,0,0,0,악인전
99,0,0,0,0,0,0,0,0,0,0,아이 캔 스피크
100,0,0,0,0,0,0,0,0,0,0,마녀
101,0,0,0,0,0,0,0,0,0,0,탐정: 리턴즈
102,0,0,0,0,0,0,0,0,0,1,퀵
103,0,0,1,0,0,0,0,0,0,0,감기
104,0,0,0,0,0,0,0,0,0,0,하모니
105,0,0,0,0,0,0,0,0,0,0,거북이 달린다
106,0,0,0,0,0,0,0,0,0,0,스물
107,0,0,0,0,1,0,0,0,0,1,방자전
108,0,0,0,0,0,0,0,0,0,0,마더
109,0,0,0,0,0,0,0,0,0,0,오싹한 연애
110,0,0,0,0,0,0,0,0,0,0,형
111,0,0,0,0,0,0,0,0,0,0,친구 2
112,1,0,0,0,0,0,0,1,0,0,26년
113,0,0,0,0,0,0,0,0,0,0,공조
114,0,1,0,0,0,0,1,0,1,0,고지전
115,0,0,0,0,0,0,0,0,1,0,프리즌
116,0,0,0,0,0,0,0,0,0,0,가장 보통의 연애
117,0,0,0,0,0,1,0,0,0,0,헬로우 고스트
118,0,0,0,0,0,0,0,0,0,0,극비수사
119,0,0,0,0,0,0,0,0,0,0,표적
120,0,0,0,0,0,0,0,0,0,0,너의 결혼식
121,0,0,0,0,0,0,0,0,0,0,말모이
122,0,0,1,0,0,0,0,1,0,1,부당거래
123,0,0,0,0,0,0,0,0,0,0,시라노; 연애조작단
124,0,0,0,1,0,0,0,0,0,0,내가 살인범이다
125,0,0,0,0,0,0,0,0,0,0,곤지암
126,0,0,0,0,0,1,0,0,0,0,소원
127,0,0,0,0,1,0,0,0,0,0,살인자의 기억법
128,0,0,0,0,0,0,0,0,0,1,탐정 : 더 비기닝
129,1,0,0,0,0,0,0,0,0,0,후궁 : 제왕의 첩
130,0,0,0,0,0,0,0,0,0,0,지금 만나러 갑니다
131,0,0,0,0,0,0,0,0,0,0,위험한 상견례
132,0,0,0,0,0,0,0,0,0,0,아수라
133,0,0,0,0,0,0,0,0,0,0,굿모닝 프레지던트
134,0,0,0,0,0,0,1,0,0,0,보안관
135,0,0,0,0,0,0,0,0,0,0,기술자들
136,0,0,1,0,0,0,0,0,0,0,시동
137,0,0,0,0,0,0,0,0,0,0,목격자
138,0,0,0,0,0,0,0,0,0,0,증인
139,0,0,0,0,0,0,0,1,0,1,조작된 도시
140,0,0,1,0,0,0,0,0,0,0,반창꼬
141,1,1,0,0,0,0,1,0,0,0,블랙머니
142,0,0,0,0,0,0,0,0,0,0,화차
143,0,1,1,0,0,0,0,1,0,0,이웃사람
144,0,0,0,0,1,0,0,0,0,0,조선명탐정: 흡혈괴마의 비밀
145,1,0,0,0,0,0,0,0,0,0,재심
146,0,0,0,0,0,0,0,0,0,0,사바하
147,0,0,0,1,0,0,0,0,0,0,의뢰인
148,0,0,0,0,0,0,1,0,1,0,화이: 괴물을 삼킨 아이
149,0,0,0,0,0,0,0,0,0,0,가문의 영광4 - 가문의 수난
150,0,0,0,0,0,0,0,0,0,0,블라인드
151,0,0,0,0,0,0,0,0,0,0,박열
152,0,0,0,0,0,0,0,0,0,0,미인도
153,0,0,0,0,0,0,0,0,0,0,라스트 갓파더
154,0,0,0,0,0,0,0,0,0,0,하녀
155,0,0,0,0,1,1,0,0,0,0,박쥐
156,0,1,0,0,0,0,0,0,0,0,7광구
157,0,0,0,0,0,0,0,0,0,0,타짜: 원 아이드 잭
158,0,0,0,0,0,0,0,0,0,0,마당을 나온 암탉
159,0,0,1,0,0,0,0,0,0,0,악의 연대기
160,0,0,0,0,0,0,0,0,0,0,강남 1970
161,0,0,0,0,0,0,0,0,1,0,황해
162,0,0,0,0,0,0,0,0,0,0,초능력자
163,0,0,0,0,0,0,0,0,0,0,내 사랑 내 곁에
164,0,0,0,0,0,0,0,0,0,0,신의 한 수: 귀수편
165,0,0,0,0,0,0,0,0,0,0,마이 웨이
166,0,0,0,1,0,1,0,0,0,0,나의 사랑 나의 신부
167,0,0,1,0,0,0,0,0,0,0,굿바이 싱글
168,0,0,0,0,0,0,0,0,0,0,몽타주
169,0,0,0,0,0,0,0,0,0,0,명당
170,1,0,0,1,0,0,0,0,0,0,내부자들: 디 오리지널
171,0,0,0,0,0,0,0,0,0,1,쩨쩨한 로맨스
172,0,0,0,0,0,0,0,0,0,0,눈에는 눈 이에는 이
173,1,0,0,1,0,0,0,0,0,0,뷰티 인사이드
174,0,0,0,0,0,1,0,0,0,0,봉이 김선달
175,0,0,0,0,0,0,0,0,0,0,남자가 사랑할 때
176,0,0,0,0,0,0,0,0,0,0,협상
177,0,0,0,0,0,0,0,0,0,0,애자
178,0,0,0,0,0,0,0,0,0,0,그림자 살인
179,0,0,0,0,0,1,0,0,0,0,내안의 그놈
180,0,0,0,0,0,0,0,0,0,0,오늘의 연애
181,0,0,0,0,0,0,1,0,0,0,글러브
182,0,0,0,0,1,0,0,0,0,0,해결사
183,0,0,0,0,0,1,0,0,0,0,아이들...
184,0,0,0,0,0,0,0,0,0,0,마약왕
185,0,0,0,0,0,0,0,0,0,1,코리아
186,0,0,0,0,0,0,0,0,0,0,노무현입니다
187,0,0,0,1,0,0,0,0,0,0,집으로 가는 길
188,0,0,0,0,0,0,0,0,0,0,악마를 보았다
189,0,0,0,0,0,0,0,0,1,0,뺑반
190,0,0,0,1,0,0,0,0,0,0,변신
191,0,0,0,0,0,0,0,0,0,0,차우
192,0,0,0,0,0,0,0,0,0,0,공범
193,0,0,0,0,0,1,0,0,0,0,대호
194,0,0,0,0,0,0,0,0,0,0,전설의 주먹
195,1,0,0,0,0,0,0,0,0,0,제보자
196,0,0,0,0,0,0,0,0,0,0,러브픽션
197,0,0,0,0,0,0,0,0,0,0,평양성
198,0,0,0,1,1,0,1,0,0,0,파파로티
199,0,0,0,0,0,0,0,0,0,0,쎄시봉
200,0,0,0,0,0,0,0,0,0,0,님은 먼 곳에
201,0,0,0,0,0,0,0,0,0,0,불꽃처럼 나비처럼
202,0,0,0,0,0,1,0,0,0,0,피끓는 청춘
203,0,0,0,0,0,0,0,0,0,0,PMC: 더 벙커
204,0,0,0,0,1,1,0,0,0,0,공모자들
205,0,0,0,0,0,0,0,0,0,0,임금님의 사건수첩
206,0,0,0,0,0,0,0,0,0,0,고死 : 피의 중간고사
207,0,0,0,0,0,1,0,0,0,0,걸캅스
208,0,0,0,0,0,0,0,0,0,0,무방비도시
209,0,0,0,0,0,0,0,0,1,0,우아한 거짓말
210,0,0,0,0,0,0,0,0,0,0,하울링
211,0,0,0,0,0,0,0,0,0,0,두근두근 내 인생
212,0,0,0,0,0,0,0,0,0,0,사자
213,0,0,0,0,0,0,0,0,0,0,창궐
214,0,0,0,1,0,0,0,1,0,0,더 폰
215,0,1,1,0,0,0,0,0,0,0,성난황소
216,0,0,0,0,0,0,0,0,0,0,무적자
217,0,0,0,0,0,0,0,0,0,0,원스어폰어타임
218,0,0,0,0,0,0,1,0,0,0,용의자X
219,0,0,0,0,0,0,0,0,0,0,도어락
220,0,0,0,0,0,0,0,0,0,0,유감스러운 도시
221,0,0,0,0,0,0,0,0,0,0,작전
222,0,0,0,0,0,0,1,0,0,1,퍼펙트 게임
223,0,0,0,0,0,0,0,0,0,0,리틀 포레스트
224,0,0,0,0,0,0,0,0,0,0,더 게임
225,0,0,0,0,0,0,0,0,0,0,차이나타운
226,0,0,0,0,0,0,0,0,0,1,스윙키즈
227,0,0,1,0,0,0,0,0,0,0,부라더
228,0,1,0,0,0,0,0,0,0,0,해무(海霧)
229,0,0,0,0,0,0,0,1,0,0,나의 특별한 형제
230,0,0,0,0,0,0,0,0,0,0,탐정 홍길동: 사라진 마을
231,0,0,0,0,0,0,0,0,0,1,런닝맨
232,0,0,0,0,0,0,0,0,0,0,구르믈 버서난 달처럼
233,0,0,0,0,0,0,0,0,0,0,기억의 밤
234,0,0,0,0,0,0,0,0,0,0,골든슬럼버
235,0,0,0,0,0,0,0,0,0,0,브이아이피
236,0,0,1,0,0,1,0,0,0,0,특별시민
237,0,0,0,0,0,1,0,0,0,0,차형사
238,0,0,0,0,0,0,0,0,0,0,궁합
239,0,0,0,0,0,0,0,1,0,0,미스터 고
240,0,0,0,0,0,0,0,1,0,0,청담보살
241,0,0,0,0,0,0,0,0,0,0,사라진 밤
242,0,0,0,0,0,0,0,0,1,0,간첩
243,0,0,0,0,0,0,0,0,0,0,장산범
244,0,0,0,0,0,0,0,0,0,0,킹콩을 들다
245,0,0,0,0,0,0,0,0,0,0,간기남
246,0,0,0,0,0,0,0,0,0,0,유열의 음악앨범
247,0,0,0,0,0,1,0,0,0,0,육혈포 강도단
248,0,0,0,0,0,0,0,0,0,0,심야의 F.M.
249,0,0,0,0,0,0,0,0,0,0,특별수사: 사형수의 편지
250,0,0,0,0,0,0,0,0,0,0,찌라시: 위험한 소문
251,0,0,1,0,0,0,0,0,0,0,결혼전야
252,0,0,0,0,0,0,0,0,0,0,악녀
253,0,0,0,0,0,0,0,0,0,0,인사동 스캔들
254,0,0,0,0,0,0,0,0,0,0,깡철이
255,0,0,0,0,0,0,0,0,0,0,시간이탈자
256,0,0,0,0,1,0,0,0,0,0,R2B: 리턴투베이스
257,0,0,0,0,0,0,1,0,0,0,해빙
258,0,0,0,0,0,0,0,0,0,0,더 웹툰: 예고살인
259,0,0,0,0,0,0,0,0,0,0,생일
260,0,0,0,0,0,0,0,0,0,0,바람 바람 바람
261,0,0,0,1,0,0,0,0,0,0,빅매치
262,0,0,0,0,0,0,0,0,0,0,"힘을 내요, 미스터 리"
263,0,0,0,0,0,0,0,0,0,0,서양 골동 양과자점 앤티크
264,0,0,0,0,0,0,0,0,0,0,동주
265,0,0,0,0,0,0,0,0,0,0,돈의 맛
266,0,0,0,0,0,0,1,0,0,0,장수상회
267,0,0,0,0,0,0,0,0,0,0,가문의 영광5 - 가문의 귀환
268,0,0,0,0,1,0,0,0,0,0,슬로우 비디오
269,0,0,0,0,0,0,0,0,0,0,미씽: 사라진 여자
270,0,0,0,0,0,0,1,0,0,0,퍼펙트맨
271,0,0,0,0,0,0,0,0,0,0,용서는 없다
272,0,0,0,0,0,0,0,0,0,0,장사리 : 잊혀진 영웅들
273,0,0,0,0,0,0,0,0,1,0,고령화 가족
274,0,0,0,0,0,0,0,0,0,0,김종욱 찾기
275,0,0,0,0,0,0,0,0,0,0,하루
276,0,0,1,0,0,0,0,0,0,0,챔피언
277,0,0,0,0,0,0,0,0,0,0,성난 변호사
278,0,1,0,0,0,0,0,0,0,0,"당신, 거기 있어줄래요"
279,0,0,0,0,0,0,0,0,0,0,6년째 연애중
280,0,0,0,0,0,0,0,0,0,0,특수본
281,1,0,0,0,0,0,0,0,0,0,회사원
282,0,1,0,0,0,0,0,0,0,0,간신
283,0,0,0,0,0,0,1,0,0,1,베스트셀러
284,0,0,1,0,0,0,0,0,0,0,롱 리브 더 킹: 목포 영웅
285,0,0,0,0,0,0,0,0,0,0,오빠생각
286,0,0,0,0,0,0,0,0,0,0,"날, 보러와요"
287,0,0,0,0,0,0,0,0,0,0,수상한 고객들
288,0,1,0,0,0,0,0,0,0,1,시크릿
289,0,0,0,0,0,0,0,0,0,0,그놈이다
290,0,0,0,0,0,0,0,0,0,0,동창생
291,0,0,0,0,0,0,0,0,0,0,점박이:한반도의 공룡3D
292,0,0,0,0,0,0,0,0,0,0,파괴된 사나이
293,0,0,0,0,0,0,0,0,1,0,오직 그대만
294,0,0,0,0,0,0,0,0,0,0,심장이 뛴다
295,0,0,0,0,0,0,0,1,0,0,염력
296,0,0,0,0,0,0,0,0,0,1,방황하는 칼날
297,0,1,0,0,0,0,0,0,1,1,시체가 돌아왔다
298,0,0,0,0,0,1,0,0,0,0,미쓰 와이프
299,0,1,0,0,0,0,0,0,0,0,원더풀 라디오
300,0,0,0,0,0,0,0,0,0,0,돈 크라이 마미
301,0,0,0,0,0,0,0,0,0,0,바보
302,0,0,0,0,0,0,0,0,0,0,"고산자, 대동여지도"
303,0,0,0,0,0,0,1,0,0,0,우리는 형제입니다
304,0,0,0,0,0,0,0,0,0,0,천문: 하늘에 묻는다
305,0,0,0,0,0,0,0,0,0,0,전국노래자랑
306,0,0,0,0,0,0,0,0,0,0,나랏말싸미
307,1,0,0,0,0,0,1,1,0,0,허삼관
308,1,0,0,0,0,0,0,0,0,0,불한당: 나쁜 놈들의 세상
309,0,0,0,0,0,0,0,0,0,0,GP 506
310,0,0,0,0,0,0,0,0,0,0,평행이론
311,0,0,0,0,0,0,0,0,0,0,뽀로로 극장판 슈퍼썰매 대모험
312,0,0,0,0,0,0,0,0,0,0,크로싱
313,0,1,0,1,0,0,0,0,0,0,더 킹
314,0,0,0,0,0,0,0,1,0,0,점쟁이들
315,0,0,0,0,0,0,0,0,0,0,인랑
316,0,0,0,0,0,0,0,0,0,0,극장판 헬로카봇 : 백악기 시대
317,0,0,0,0,0,0,0,0,0,0,고死 두 번째 이야기: 교생실습
318,0,0,0,0,0,0,0,0,0,0,열한시
319,0,0,0,0,0,0,0,0,0,0,미확인 동영상 : 절대클릭금지
320,0,0,0,0,0,0,0,0,0,0,숙명
321,0,0,0,0,0,0,0,0,0,0,살인의뢰
322,0,0,0,0,0,0,0,0,0,0,좋아해줘
323,0,0,0,0,0,0,0,0,0,0,만추
324,0,0,0,0,0,0,0,0,0,0,대립군
325,0,0,0,0,0,0,0,0,0,0,마린보이
326,0,0,0,0,0,0,0,0,0,0,체포왕
327,0,0,0,0,0,0,0,0,0,0,손님
328,0,0,0,0,0,0,0,0,0,0,뽀로로 극장판 공룡섬 대모험
329,0,0,0,0,0,1,0,0,0,0,남쪽으로 튀어
330,0,0,0,0,0,0,0,0,0,0,레드슈즈
331,0,0,0,0,0,0,0,0,0,0,카트
332,0,0,0,0,0,0,0,0,0,0,화이트: 저주의 멜로디
333,0,0,0,1,0,0,0,0,0,0,상의원
334,1,0,0,0,0,0,0,0,0,0,관능의 법칙
335,0,0,0,0,0,0,0,0,1,0,푸른소금
336,0,0,0,0,0,0,0,0,1,0,나는 왕이로소이다
337,0,0,0,0,0,1,0,0,1,0,상류사회
338,0,0,0,0,0,0,0,0,0,0,뽀로로 극장판 보물섬 대모험
339,0,0,0,0,0,0,0,0,0,1,레슬러
340,0,0,0,0,0,0,0,1,0,0,모던보이
341,0,0,0,0,0,0,0,0,0,0,스플릿
342,0,0,0,0,0,0,0,0,0,0,주유소 습격사건 2
343,0,0,0,0,0,0,0,0,0,0,김씨표류기
344,0,1,1,0,0,0,0,0,0,0,더 파이브
345,0,0,0,0,0,0,0,0,0,0,순정만화
346,0,0,0,0,0,0,0,0,0,0,슬픔보다 더 슬픈 이야기
347,1,0,0,0,0,0,0,0,0,0,물괴
348,0,0,0,0,0,0,0,0,0,0,미쓰백
349,0,0,0,0,0,0,0,0,0,0,풍산개
350,0,0,0,0,1,0,0,0,0,0,국가대표 2
351,0,0,0,0,0,0,0,0,0,0,통증
352,0,0,0,0,0,0,0,0,0,0,신비아파트: 금빛 도깨비와 비밀의 동굴
353,0,0,0,0,0,0,0,0,0,0,신비아파트 극장판 하늘도깨비 대 요르문간드
354,0,0,0,0,0,0,0,0,0,0,고양이: 죽음을 보는 두 개의 눈
355,0,0,0,0,0,0,0,0,0,0,실종
356,0,0,0,1,1,0,0,0,0,0,열정같은소리하고있네
357,0,0,0,0,0,0,0,0,0,0,그날의 분위기
358,0,0,0,0,0,0,0,0,0,0,여고괴담 5
359,0,0,0,0,0,0,0,0,0,0,울학교 이티
360,0,0,0,0,0,0,0,0,0,0,아빠는 딸
361,0,0,0,0,0,0,1,0,0,0,사냥
362,0,0,0,0,0,0,0,0,0,0,나를 찾아줘
363,0,1,0,0,0,0,1,0,0,0,광대들: 풍문조작단
364,0,0,0,0,0,0,0,0,0,0,널 기다리며
365,0,0,0,0,0,0,0,0,0,0,플랜맨
366,0,0,0,0,0,0,0,0,0,0,핸드폰
367,1,0,0,0,0,0,0,0,0,0,조선마술사
368,0,0,0,0,0,0,0,0,0,0,다찌마와리
369,0,0,0,0,0,0,0,0,0,0,홍길동의 후예
370,0,0,0,1,0,0,0,0,0,0,특종: 량첸살인기
371,0,0,0,0,0,0,0,0,0,0,미쓰GO
372,1,1,0,0,0,0,0,0,0,0,서부전선
373,0,0,0,0,0,0,0,1,0,0,이층의 악당
374,0,0,0,0,0,0,0,0,0,0,반가운 살인자
375,0,0,0,0,0,0,0,0,0,0,우는 남자
376,0,0,0,0,0,0,0,0,0,0,황제를 위하여
377,0,0,0,0,0,0,0,0,0,0,패션왕
378,0,0,0,0,0,0,0,0,0,0,뜨거운 것이 좋아
379,0,0,0,0,0,0,0,0,0,0,극장판 헬로카봇 : 달나라를 구해줘!
380,0,0,0,0,0,0,0,0,0,0,퀴즈왕
381,0,0,0,0,0,0,0,0,0,0,고고 70
382,0,0,0,0,0,0,0,0,0,0,극장판 헬로카봇: 옴파로스 섬의 비밀
383,0,0,0,0,0,0,0,0,0,0,파파
384,0,0,0,0,0,0,0,0,0,0,슈퍼맨이었던 사나이
385,0,0,0,0,0,0,0,0,0,0,양자물리학
386,0,0,0,0,0,1,0,0,0,0,점박이 한반도의 공룡2 : 새로운 낙원
387,0,0,0,0,0,0,0,0,0,0,너는 펫
388,0,0,0,0,0,0,0,0,0,0,트럭
389,0,0,0,1,0,1,0,0,0,0,미쓰 홍당무
390,0,0,0,0,0,0,0,1,0,0,사이코메트리
391,0,0,0,0,0,0,0,0,0,0,버닝
392,0,0,0,0,0,0,0,1,1,0,챔프
393,0,0,0,0,0,0,0,0,0,0,7년의 밤
394,0,0,0,1,0,0,0,0,0,0,몬스터
395,0,0,0,0,0,0,0,0,0,0,헬머니
396,0,0,0,0,0,0,0,0,0,0,가려진 시간
397,0,0,0,1,0,0,0,0,0,1,남자사용설명서
398,0,0,0,0,0,0,0,0,0,0,아부의 왕
399,0,0,0,1,0,0,0,0,0,0,캐치미
400,0,0,0,0,0,0,0,0,0,0,무서운 이야기 2
401,0,0,0,0,0,0,0,0,1,0,불량남녀
402,1,0,0,0,0,0,0,0,0,0,또 하나의 약속
403,0,0,0,0,0,0,0,0,0,0,침묵
404,0,0,0,0,0,0,0,0,0,0,해어화
405,0,0,0,0,0,0,0,0,0,0,계춘할망
406,0,0,0,0,0,0,0,0,0,0,소녀괴담
407,0,0,0,0,0,0,0,0,0,0,조선미녀삼총사
408,0,0,0,0,0,0,0,0,0,0,친정엄마
409,0,0,0,0,0,0,0,0,0,0,넛잡: 땅콩 도둑들
410,0,0,0,0,0,0,0,0,0,0,"로봇, 소리"
411,0,0,0,0,0,0,0,0,0,0,변산
412,0,0,0,0,0,0,0,0,0,0,위험한 상견례 2
413,0,0,0,1,0,0,0,0,0,0,카운트다운
414,0,0,0,0,0,0,0,0,0,0,식객2 : 김치전쟁
415,0,0,0,0,0,0,0,0,0,0,달콤한 거짓말
416,1,0,0,0,0,0,0,0,0,0,리얼
417,0,0,0,0,0,0,0,0,0,0,페이스메이커
418,0,0,0,0,0,0,0,0,0,0,순수의 시대
419,0,0,1,0,0,0,0,0,0,0,동네사람들
420,0,0,0,0,0,0,0,0,0,0,노브레싱
421,0,0,1,0,0,0,0,0,0,0,원더풀 고스트
422,0,0,0,0,0,0,0,0,0,0,대한민국 1%
423,0,0,0,0,0,0,0,0,0,0,반드시 잡는다
424,0,0,0,0,0,0,0,0,0,0,뽀로로 극장판 컴퓨터 왕국 대모험
425,0,0,0,0,0,0,0,0,0,0,오감도
426,0,0,0,0,0,0,0,0,0,0,10억
427,0,0,0,0,0,0,0,0,0,0,감쪽같은 그녀
428,0,0,0,0,0,0,0,0,0,0,아기와 나
429,0,0,0,0,0,0,0,0,0,0,원라인
430,1,0,0,0,0,0,0,0,0,0,"협녀, 칼의 기억"
431,0,0,0,0,0,0,0,0,0,0,창수
432,0,0,0,1,0,0,0,0,0,0,오피스
433,0,0,0,1,0,0,0,0,0,0,모비딕
434,0,0,0,0,0,1,0,0,0,0,두 개의 달
435,0,0,0,1,0,0,0,0,0,0,나를 잊지 말아요
436,0,0,0,0,0,0,0,0,0,0,티끌모아 로맨스
437,0,0,0,0,0,0,0,0,0,0,기다리다 미쳐
438,0,0,0,0,0,0,0,0,0,0,흥부: 글로 세상을 바꾼 자
439,0,0,0,0,0,0,0,0,0,0,늑대소년-확장판
440,0,0,0,0,0,0,0,0,0,0,극장판 공룡메카드: 타이니소어의 섬
441,0,0,0,0,0,0,0,0,0,0,넛잡 2
442,0,0,0,0,0,0,0,0,0,0,좋은 친구들
443,0,0,0,0,0,0,0,0,0,0,사랑이 무서워
444,0,0,0,0,0,0,0,1,0,0,내 심장을 쏴라
445,0,0,0,1,0,0,0,0,0,0,나의 독재자
446,0,0,0,0,0,1,0,0,0,0,보통사람
447,1,0,0,0,0,0,0,0,0,0,소수의견
448,0,0,0,0,0,0,1,0,0,0,대장 김창수
449,0,0,0,0,0,0,0,0,0,0,경성학교: 사라진 소녀들
450,0,0,0,0,0,0,0,0,0,0,석조저택 살인사건
451,0,0,0,0,0,0,0,0,0,1,커플즈
452,0,0,0,0,0,0,0,0,0,0,싱글라이더
453,0,0,0,0,0,0,0,0,0,0,7호실
454,1,0,0,0,0,0,0,1,0,0,치외법권
455,0,0,0,0,0,0,0,0,0,0,러브 유어셀프 인 서울
456,0,0,0,0,0,0,0,0,0,1,하이힐
457,0,0,0,0,0,0,0,0,0,0,음치 클리닉
458,0,0,0,0,0,0,1,0,0,0,맨발의 꿈
459,0,1,0,0,0,0,0,0,0,0,허스토리
460,0,0,0,0,0,0,0,0,0,0,브링 더 소울 : 더 무비
461,0,0,0,0,0,0,0,0,0,0,미나문방구
462,0,0,0,0,0,0,0,1,0,0,무서운 이야기
463,0,0,0,0,0,0,0,0,0,0,희생부활자
464,0,0,0,0,0,0,0,0,0,0,정승필 실종사건
465,0,0,0,0,0,0,0,0,0,0,도리화가
466,0,0,0,0,0,0,0,0,0,0,세상에서 가장 아름다운 이별
467,0,0,0,0,0,0,0,0,0,1,레드카펫
468,0,0,0,0,0,0,0,0,0,0,번 더 스테이지: 더 무비
469,0,0,0,0,0,0,0,0,0,0,마이 블랙 미니드레스
470,0,0,0,0,0,0,0,0,0,0,위대한 소원
471,0,0,0,0,0,0,0,0,0,0,덕구
472,0,0,0,0,0,0,0,0,0,0,미성년
473,0,0,0,0,0,0,0,0,0,0,호우시절
474,0,0,0,0,0,0,0,0,0,0,배심원들
475,0,0,0,0,0,0,0,0,0,0,혼숨
476,0,0,0,0,0,0,0,0,0,0,기방도령
477,0,0,0,0,0,0,0,0,0,0,1724 기방난동사건
478,0,0,0,0,0,0,0,0,0,0,네버엔딩 스토리
479,0,0,0,0,0,0,0,0,0,0,다이노 타임
480,0,0,0,0,0,0,0,0,0,0,극장판 안녕 자두야
481,0,0,0,0,0,0,0,0,0,0,마지막 선물
482,0,0,0,0,0,0,0,0,0,0,가루지기
483,0,0,0,0,0,0,0,0,0,0,요가학원
484,0,0,0,0,0,0,0,0,0,0,가비
485,0,0,0,0,0,0,0,1,0,0,롤러코스터
486,0,0,0,0,0,0,0,0,0,0,마이 뉴 파트너
487,0,0,0,0,0,0,0,0,0,0,악질경찰
488,0,0,1,0,0,0,0,0,0,0,함정
489,0,0,0,0,0,0,0,1,0,0,기묘한 가족
490,0,0,0,0,0,0,0,0,0,0,밤의 여왕
491,0,0,0,0,0,0,0,0,0,0,불신지옥
492,0,0,0,0,0,0,0,0,0,0,비밀은 없다
493,0,0,0,0,0,0,0,0,0,0,걸스카우트
494,0,0,0,0,0,0,0,0,0,0,적과의 동침
495,0,0,0,0,0,0,0,0,0,0,미옥
496,0,0,0,0,0,0,0,0,0,0,강철대오:구국의 철가방
497,0,0,0,0,0,0,0,0,0,0,어느날
498,0,0,0,0,0,0,0,0,0,0,폐가
499,0,0,0,0,0,0,0,0,0,0,순정
500,0,0,0,0,0,0,0,0,0,0,치즈인더트랩
501,0,0,0,0,0,0,1,1,1,0,분노의 윤리학
502,0,0,0,0,0,0,0,0,0,0,마마
503,0,0,0,0,0,0,0,0,0,0,우리 집에 왜 왔니
504,0,0,0,0,0,0,0,0,0,0,1급기밀
505,0,0,0,0,0,0,0,0,0,0,나는 공무원이다
506,0,0,0,0,0,0,0,0,0,0,속닥속닥
507,0,0,0,0,0,0,0,0,0,0,라듸오 데이즈
508,0,0,0,0,0,0,0,0,0,0,"대한이, 민국씨"
509,0,0,0,0,1,1,0,0,0,0,자칼이 온다
510,0,0,0,0,0,0,0,0,0,0,덕수리 5형제
511,0,0,0,0,0,0,0,0,0,0,코알라 키드 : 영웅의 탄생
512,0,0,0,0,0,0,0,0,0,0,비스트
513,0,0,0,0,1,0,0,0,0,0,페스티발
514,0,0,0,0,0,0,0,0,0,0,도레미파솔라시도
515,0,0,0,0,0,0,0,0,0,0,어린 의뢰인
516,0,0,0,0,0,0,0,0,0,0,언니
517,0,0,0,0,0,0,0,0,0,0,투혼
518,0,0,0,0,0,0,0,0,0,0,언더독
519,0,0,0,0,0,0,0,0,0,0,응징자
520,0,0,0,0,0,0,0,0,0,0,런닝맨 : 풀룰루의 역습
521,0,0,0,0,0,0,0,0,0,0,우상
522,0,0,0,0,0,0,0,0,0,0,마이 리틀 히어로
523,0,0,0,0,0,0,0,0,0,0,아빠가 여자를 좋아해
524,0,0,0,0,0,0,0,0,0,0,채비
525,0,0,0,0,0,0,0,1,0,0,톱스타
526,0,0,0,0,0,0,0,0,0,0,두번할까요
527,0,0,0,0,0,0,0,0,0,0,아빠를 빌려드립니다
528,1,0,0,0,0,0,0,0,0,0,자전차왕 엄복동
529,0,0,0,0,0,0,0,0,0,0,그랑프리
530,1,0,0,0,1,0,0,0,0,0,대배우
531,0,0,1,0,0,0,0,0,0,0,노리개
532,0,0,0,0,0,0,0,0,1,0,나는 아빠다
533,0,0,0,0,0,0,0,0,0,0,진범
534,0,0,0,0,0,0,0,0,0,0,무법자
535,0,0,0,0,0,0,0,0,0,0,부산
536,0,0,0,0,0,0,0,0,0,0,최강전사 미니특공대 : 새로운 악당의 습격
537,0,0,0,0,0,0,0,0,0,0,달빛궁궐
538,0,0,0,0,0,0,0,0,0,0,로맨틱 아일랜드
539,0,0,0,0,0,0,0,0,0,0,비정규직 특수요원
540,0,0,0,1,0,1,0,1,0,0,워킹걸
541,0,0,0,0,0,0,0,0,0,0,웨딩드레스
542,0,1,0,0,0,1,0,0,0,0,펜트하우스 코끼리
543,1,0,0,0,0,0,0,0,0,0,은밀한 유혹
544,0,0,0,0,0,0,0,0,0,0,키친
545,0,0,0,0,0,0,0,0,0,0,극장판 또봇: 로봇군단의 습격
546,0,0,0,0,0,0,0,0,0,0,나를 기억해
547,0,0,0,0,0,0,1,0,0,0,독전: 익스텐디드 컷
548,0,0,0,0,0,0,0,0,0,0,0.0MHz
549,0,0,0,0,0,0,0,0,0,0,극장판 꼬마버스 타요의 에이스 구출작전
550,0,0,0,0,0,0,0,0,0,0,로마의 휴일
551,0,0,0,0,0,0,0,0,0,0,나의 절친 악당들
552,0,0,0,0,0,0,0,0,0,0,오늘
553,0,0,0,0,0,0,0,0,0,0,맨홀
554,0,0,0,0,0,0,0,0,0,0,구세주 2
555,0,0,0,0,0,0,0,0,0,0,시간위의 집
556,0,0,0,0,0,0,0,0,0,0,마법천자문: 대마왕의 부활을 막아라
557,0,0,0,0,0,0,0,1,0,0,퇴마: 무녀굴
558,0,0,0,0,0,0,0,0,0,0,최강전사 미니특공대: 영웅의 탄생
559,0,0,1,0,0,0,0,0,0,0,배우는 배우다
560,0,0,0,0,0,0,0,0,0,0,걸프렌즈
561,0,0,0,0,0,0,0,0,0,0,히트
562,0,0,0,0,0,0,0,0,0,0,허밍
563,0,0,0,0,0,0,0,0,0,1,5백만불의 사나이
564,0,0,0,0,0,0,0,0,0,0,꿈은 이루어진다
565,0,0,0,0,0,0,0,0,0,0,크게 될 놈
566,0,0,0,0,0,0,0,0,0,0,루시드 드림
567,0,0,0,0,0,0,0,0,0,0,암전
568,0,0,0,0,0,0,0,0,0,0,바람
569,1,0,0,0,0,0,0,0,1,0,게이트
570,0,1,0,0,0,0,0,0,0,0,돌연변이
571,0,0,0,0,0,0,0,0,0,0,미니특공대X
572,0,0,0,0,0,0,0,0,0,0,여중생A
573,0,0,0,0,0,0,0,0,0,0,인류멸망 보고서
574,0,0,0,0,0,0,0,0,0,0,슈퍼 빼꼼: 스파이 대작전
575,0,0,0,0,0,0,0,0,0,0,천국의 우편배달부
576,0,0,0,0,0,0,0,0,0,0,577 프로젝트
577,0,0,0,0,0,0,0,0,0,0,기생령
578,0,0,0,0,0,0,0,0,0,0,걷기왕
579,0,0,0,0,0,0,0,0,0,0,무서운 이야기 3 : 화성에서 온 소녀
580,0,0,0,0,0,0,0,0,0,0,일사각오
581,0,0,0,0,0,0,0,0,0,0,그 남자의 책 198쪽
582,0,0,0,0,0,0,0,0,0,0,써니 감독판
583,0,0,0,0,0,0,0,0,0,1,그대 이름은 장미
584,0,0,0,0,0,0,0,0,0,0,어린 왕자
585,0,0,0,0,0,0,0,0,0,0,터널 3D
586,0,0,0,0,0,0,0,0,0,0,쓰리 썸머 나잇
587,0,0,0,1,0,0,0,0,0,0,엽기적인 그녀 2
588,0,0,0,0,0,0,0,0,0,0,회초리
589,0,0,0,0,0,0,0,0,0,0,외톨이
590,0,0,0,0,0,0,0,0,0,0,로맨틱 헤븐
591,0,0,0,0,0,0,0,0,0,0,정글히어로
592,0,0,0,0,0,0,0,0,0,0,번개맨
593,0,0,0,0,0,0,0,0,0,0,4교시 추리영역
594,0,0,0,0,0,0,0,0,0,0,닥터
595,0,0,0,0,0,0,0,0,0,0,당신이 잠든 사이에
596,0,0,0,0,0,0,0,0,0,0,여곡성
597,0,0,0,0,0,0,0,0,0,0,극장판 반지의 비밀일기
598,0,0,0,0,0,0,0,0,0,0,주문진
599,0,0,0,0,0,0,0,0,0,0,Mr.아이돌
600,0,0,0,0,0,0,0,0,0,0,올레
601,0,1,0,0,0,0,0,0,0,0,돌이킬 수 없는
602,0,0,0,0,0,0,0,0,0,0,"사랑한다, 사랑하지 않는다"
603,0,0,0,0,0,0,0,0,0,0,뷰티풀 투모로우
604,0,0,0,0,1,0,0,0,0,0,헤드
605,0,0,0,0,0,0,0,0,0,0,결정적 한방
606,0,0,1,0,0,0,0,0,0,0,두 남자
607,0,0,0,0,0,0,0,0,0,0,번개맨과 신비의 섬
608,0,0,0,0,0,0,0,0,0,0,흑심모녀
609,0,0,0,0,0,0,0,1,0,0,달빛 길어올리기
610,0,0,0,0,0,0,0,0,0,0,극장판 프랭키와 친구들: 생명의 나무
611,0,0,0,0,0,0,0,0,0,0,빅뱅 메이드
612,0,0,0,0,0,0,0,0,0,0,내 눈에 콩깍지
613,0,0,0,0,0,0,0,0,0,0,잡아야 산다
614,0,0,0,0,0,0,0,0,0,0,왓칭
615,1,0,0,0,0,0,0,0,0,1,머니백
616,0,0,0,0,0,0,0,0,0,0,폭풍전야
617,0,0,0,0,0,0,0,0,0,0,미안해 사랑해 고마워
618,0,0,0,0,0,0,0,0,0,0,서울이 보이냐
619,0,0,0,0,0,0,0,0,0,0,젝스키스 에이틴
620,0,0,0,0,0,0,0,0,0,0,비밀
621,0,0,0,0,0,0,0,0,0,0,번개맨의 비밀
622,0,0,0,0,0,0,0,0,0,0,더 킥
623,0,0,0,0,0,0,0,0,0,0,데자뷰
624,0,0,0,0,0,0,0,0,0,0,잘못된 만남
625,0,0,0,0,0,0,0,0,0,1,목숨 건 연애
626,0,0,1,0,0,0,0,0,0,0,뜨거운 안녕
627,0,0,0,0,0,0,0,0,0,0,비밥바룰라
628,0,0,0,0,0,0,0,0,0,0,"그래, 가족"
629,0,0,0,0,0,0,0,0,0,0,된장
630,0,0,0,0,0,0,0,0,0,0,설계
631,0,0,0,0,1,0,0,0,0,0,미운오리새끼
632,0,0,0,0,0,0,1,0,0,0,스페어
633,0,0,0,0,0,0,0,0,0,0,혈투
634,0,0,0,0,0,0,0,0,0,0,약장수
635,0,0,0,0,0,0,0,0,0,0,극장판 뽀잉: 슈퍼 변신의 비밀
636,0,0,0,0,0,0,0,0,0,0,배반의 장미
637,0,0,0,0,0,0,0,0,0,0,레이디버그
638,0,0,0,0,0,0,0,0,0,0,인피니트 콘서트 세컨드 인베이전 에볼루션 더 무비 3D
639,0,0,0,0,0,0,0,0,0,0,트릭
640,1,0,0,0,0,0,0,0,0,0,백프로
641,0,0,0,0,0,0,0,0,0,0,에스엠타운 더 스테이지
642,0,0,0,0,0,0,0,0,0,0,지구대표 롤링스타즈
643,0,0,0,0,0,0,0,0,0,0,스파키
644,0,0,0,0,0,0,0,0,0,0,복숭아나무
645,0,0,0,0,0,0,0,0,0,0,I AM
646,0,0,0,0,0,0,0,0,0,0,19-Nineteen
647,0,0,0,0,0,0,0,0,0,0,대결
648,0,0,0,0,0,0,0,0,0,0,썬키스 패밀리
649,0,0,0,0,0,0,0,0,0,0,꼭두각시
650,0,0,0,0,0,0,0,0,0,0,날나리 종부전
651,0,0,0,0,0,0,0,0,0,0,역모-반란의 시대
652,0,0,0,0,0,0,0,0,0,0,비상
653,0,0,0,0,0,0,0,0,0,0,캐리tv 러브콘서트 더 무비
654,0,0,0,0,0,0,0,0,0,0,무림여대생
655,0,0,0,0,0,0,0,0,0,0,인천상륙작전 : 익스텐디드 에디션(확장판)
656,0,1,0,0,0,0,0,0,0,0,해피 투게더
657,0,0,0,0,0,0,0,0,0,0,4요일: 자살을 부르는 요일
658,0,0,0,0,0,0,0,0,0,0,더 데이
659,0,0,0,0,0,0,0,0,0,0,GROW: 인피니트의 리얼 청춘 라이프
660,0,0,0,0,0,0,0,0,0,0,고스트 메신저 극장판
661,0,0,0,0,0,0,0,0,0,0,얼굴없는 보스
662,0,0,0,0,0,0,0,0,0,0,사요나라 이츠카
663,0,0,0,0,0,0,0,0,0,0,비정한 도시 감독판
664,1,0,0,0,0,0,0,0,0,0,"봄, 눈"
665,0,0,0,0,0,0,0,0,0,1,히어로
666,0,0,0,0,0,0,0,0,0,0,파워배틀 와치카: 와치가면의 역습
667,0,0,0,0,0,0,0,0,0,0,터닝메카드W: 반다인의 비밀 특별판
668,0,0,0,0,0,0,0,0,0,0,히야
669,0,0,0,0,0,0,0,0,0,0,싸이보그 그녀
670,0,0,0,0,0,0,0,0,0,0,극장판 뛰뛰빵빵 구조대 미션: 둥둥이를 구하라!
671,0,0,0,0,0,0,0,0,0,0,완전 소중한 사랑
672,0,0,0,0,0,0,0,0,1,0,웨딩스캔들
673,0,0,0,0,0,0,0,0,0,0,방울토마토
674,0,0,0,0,0,0,0,0,0,0,트와이스랜드
675,0,0,0,0,0,0,0,0,0,0,하늘과 바다
676,0,0,0,0,0,0,0,0,0,0,이별계약
677,0,0,0,0,0,0,0,0,0,0,비스트 앵콜 콘서트 3D
678,0,0,0,0,0,0,0,0,0,0,극장판 샤이닝스타:새로운 루나퀸의 탄생!
679,0,0,0,0,0,0,0,0,0,0,볼츠와 블립
680,0,0,0,0,0,0,0,0,0,0,무수단
681,0,0,0,0,0,0,0,0,0,0,아티스트 봉만대
682,0,0,0,0,0,0,0,0,0,0,귀 鬼
683,0,0,0,0,0,0,0,0,0,0,웃는남자 감독판
684,0,0,0,0,0,0,0,0,1,0,서유기 리턴즈
685,0,0,0,0,0,0,0,0,0,0,타투
686,0,0,0,0,0,0,0,0,0,0,맨데이트: 신이 주신 임무
687,0,0,0,0,0,0,0,0,0,0,검은손
688,0,0,0,0,0,0,0,0,0,0,최종병기 활 감독확장판
689,0,1,0,0,0,0,0,0,0,0,이웃집 스타
690,0,0,0,0,0,0,0,0,0,0,제 7기사단
691,0,0,0,0,0,0,0,0,0,0,내 남자의 순이
692,0,0,0,0,0,0,0,0,0,0,슈퍼레이서 엔지
693,0,0,0,0,0,0,0,0,0,0,샤인 어 라이트(1st 지드래곤 콘서트)
694,0,0,0,0,0,0,0,0,0,0,폴라로이드
695,0,0,0,0,0,0,0,0,0,0,신화 라이브 3D 더 레전드 컨티뉴스
696,0,0,0,0,0,0,0,0,0,0,메이크 유어 무브
697,0,0,0,0,0,0,0,0,0,0,불타는 내 마음
698,0,0,0,0,0,0,0,0,0,0,노트르담 드 파리
699,0,0,0,0,0,0,0,0,0,0,원 오브 어 카인드 3D ; G-DRAGON 2013 1ST WORLD TOUR
700,0,0,0,0,0,0,0,0,0,0,"의궤, 8일간의 축제 3D"
701,0,0,0,0,0,0,0,0,0,0,사랑과 전쟁:열두 번째 남자
702,0,0,0,0,0,0,0,0,0,0,꾸루꾸루와 친구들: 무지개 나무의 비밀
703,0,0,0,0,0,0,0,0,0,0,청춘 합창단 - 또 하나의 꿈
704,0,0,0,0,0,0,0,0,0,0,요술
705,0,0,0,0,0,0,0,0,0,0,해적왕 작스톰
706,0,0,0,0,0,0,0,0,0,0,서태지밴드 콘서트투어 '콰이어트나이트'
707,0,0,0,0,0,0,0,0,0,0,비밀의 화방
708,0,0,0,0,0,0,0,0,0,0,스퀴시랜드
709,0,0,0,0,0,0,0,0,0,0,구세주: 리턴즈
710,0,0,0,0,0,0,0,0,0,0,서태지 8집: 398일의 기록
711,0,0,0,0,0,0,0,0,0,0,돌아와요 부산항애(愛)
712,0,0,0,0,0,0,0,0,0,0,붉은 바캉스 검은 웨딩 2
713,0,0,0,0,0,0,0,0,0,0,화려한 외출
714,0,0,0,0,0,0,0,0,0,0,바캉스
715,0,0,0,0,0,0,0,0,0,0,미안하다 독도야
716,0,0,0,0,0,0,0,0,0,0,밀애
717,0,0,0,0,0,0,0,0,0,0,은밀하게 위대하게 (확장판)
718,0,0,0,0,0,0,0,0,0,0,트라이앵글
719,0,0,0,0,0,0,0,0,0,0,왕을 참하라
720,0,0,0,0,0,0,0,0,0,0,야누스: 욕망의 두 얼굴
721,0,0,0,0,0,0,0,0,0,0,2AM SHOW
722,0,0,0,0,0,0,0,0,0,0,"1789, 바스티유의 연인들"
723,0,0,0,0,0,0,0,0,0,0,초감각 커플
724,0,0,0,0,0,0,0,0,0,0,미스체인지
725,0,0,0,0,0,0,0,0,0,0,공포체험단 곤지암편
726,1,0,0,0,0,0,0,0,0,0,무명인
727,1,0,0,0,0,0,0,0,0,0,미친도시
728,0,0,0,0,0,0,0,0,0,0,마마 앤드 파파
729,0,0,0,0,0,0,0,0,0,0,리벤져
730,0,0,0,0,0,0,0,0,0,0,광인옥한흠
731,0,0,0,0,0,0,0,0,0,0,라이브 인 3D 휘성 : 잇츠 리얼
732,0,0,0,0,1,0,0,0,0,0,살인자의 기억법 : 새로운 기억
733,0,0,0,0,0,0,0,0,0,0,이티피 페스티벌 08X09 서태지
734,0,0,0,0,0,0,0,0,0,0,슈퍼쇼 4 3D
735,0,0,1,0,0,0,0,0,0,0,노리개: 그녀의 눈물
736,0,0,0,0,0,0,0,0,0,0,쉿! 그녀에겐 비밀이에요
737,0,0,0,0,0,0,0,0,0,0,몬테크리스토
738,0,0,0,0,0,0,0,0,0,0,파파 오랑후탄
739,0,0,0,0,0,0,0,0,0,0,은어
740,0,0,0,0,0,0,0,0,0,0,라라
741,0,0,0,0,0,0,0,0,0,0,에스엠타운 라이브인도쿄스페셜에디션3D
742,0,0,0,0,0,0,0,0,0,1,히어로
743,0,0,0,0,0,0,0,0,0,0,오늘도 위위
744,0,0,0,0,0,0,0,0,0,0,나는 증인이다
745,1,0,0,0,0,0,0,0,0,0,게이트-완결판
746,0,0,0,0,0,0,0,0,0,0,평범한 날들
747,0,0,0,0,0,0,0,0,0,0,더하우스
748,0,0,0,0,0,0,0,0,0,0,"시발, 놈: 인류의 시작"
749,0,0,0,0,0,0,0,0,0,0,안나 카레니나
750,0,0,0,0,0,0,0,0,0,0,무서운 집
751,0,0,0,0,0,0,0,0,0,0,아더왕의 전설
752,0,0,0,0,0,0,0,0,0,0,압록강은 흐른다
753,0,0,0,0,0,0,0,0,0,0,앙상블
754,0,0,0,0,0,0,0,0,0,0,예스 평창!
755,0,0,0,0,0,0,0,0,0,0,귀신의 향기
756,0,0,0,0,0,0,0,0,0,0,아름다운 유산
757,0,0,0,0,0,0,0,0,0,0,오디세오
758,0,0,0,0,0,0,0,0,0,0,정의심판
759,0,0,0,0,0,0,0,0,0,0,스타: 빛나는 사랑
760,0,0,0,0,0,0,0,0,0,0,돌멩이의 꿈
761,0,0,0,0,0,0,0,0,0,0,마지막 위안부
762,0,0,0,0,0,0,0,0,0,0,젓가락
763,0,0,0,0,0,0,0,0,0,0,낙원-파라다이스
764,0,0,0,0,0,0,0,0,0,0,첫사랑 열전
765,0,0,0,0,0,0,0,0,0,0,인비져블 2: 귀신소리찾기
766,0,0,0,0,0,0,0,0,0,0,아스라이
767,0,0,0,0,0,0,0,0,0,0,마지막 밥상
768,0,0,0,0,0,0,0,0,0,0,호두까기 인형
769,0,0,0,0,0,0,0,0,0,0,결혼식 후에
770,0,0,0,1,0,0,0,0,0,0,사랑하기 때문에
771,0,0,0,0,0,0,0,0,0,0,동자 대소동
772,0,0,0,0,0,0,0,0,0,0,풍뎅이뎅이
773,0,0,0,0,0,0,0,0,0,0,약수터 부르스
774,0,0,0,0,0,0,0,0,0,0,다이빙벨: 진실은 침몰하지 않습니다
775,0,0,0,0,0,0,0,0,0,0,스피릿 오브 베토벤
776,0,0,0,0,0,0,0,0,0,0,핑크 토끼
777,0,0,0,0,0,0,0,0,0,0,아빠가 돌아왔다
778,0,0,0,0,0,0,0,0,0,0,사랑을 말하다
779,0,0,0,0,0,0,0,0,0,0,분홍돌고래
780,0,0,0,0,0,0,0,0,0,0,스물 아홉살
781,0,0,0,0,0,0,0,0,0,0,폐교
782,0,0,0,0,0,0,0,0,0,0,미스터좀비
783,0,0,0,0,0,0,0,0,0,0,유신의 미학
784,0,0,0,0,0,0,0,0,0,0,"60년전, 사선에서"
785,0,0,0,0,0,0,0,0,0,0,"불의 날, 생명을 말하다"
786,0,0,0,0,0,0,0,0,0,0,한민족 그리고 조선족
787,0,0,0,0,0,0,0,0,0,0,외계인들
788,0,0,0,0,0,0,0,0,0,0,이상한 게임
789,0,0,0,0,0,0,0,0,0,0,콩쥐별전 - 전주성의 비밀
790,0,0,0,0,0,0,0,0,0,0,나의 불행에는 이유가 있다
791,0,0,0,0,0,0,0,0,0,0,소중한 날의 꿈 감독판
792,0,0,0,0,0,0,0,0,0,0,악녀의 시
793,0,0,0,0,0,0,0,0,0,0,죽기 전에 해야할 몇가지 것들
794,0,0,0,0,0,0,0,0,0,0,킬 미
795,0,0,0,0,0,0,0,0,0,0,나탈리
796,0,0,0,0,0,0,0,0,0,0,두 여자
797,0,1,0,0,0,0,0,0,0,0,비밀애
798,0,0,0,0,0,0,0,0,0,0,위험한 관계
799,0,0,0,0,0,0,0,0,0,0,가시
800,0,0,0,0,0,0,0,0,0,0,연애의 맛
801,0,1,0,0,0,0,0,0,0,0,백야행
802,0,0,0,0,0,0,0,0,0,1,아내가 결혼했다
803,0,0,0,0,0,0,0,0,0,0,극적인 하룻밤
804,0,0,0,0,0,0,0,0,0,0,남과 여
805,0,0,0,0,0,0,0,0,0,0,무뢰한
806,0,0,0,0,0,0,0,0,0,0,은교
807,0,0,0,0,0,0,0,0,0,0,마담 뺑덕
808,0,0,0,0,0,0,0,0,0,0,나의 PS 파트너
809,0,0,0,0,0,1,0,0,0,0,연애의 온도
810,0,0,0,1,0,0,0,0,0,0,인간중독
Total,43,34,32,31,30,30,30,30,28,28,0
